UC2_Literal,Report Number,Report Date,Location,Beat,Neigborhood,NPU,Lat,Long,
LARCENY-FROM VEHICLE,170450211,02/14/2017,2841 GREENBRIAR PKWY SW @GREENBRIAR MALL,411,Greenbriar,R,33.68677,-84.49773,
AUTO THEFT,170450643,02/14/2017,259 RICHARDSON ST SW,303,Mechanicsville,V,33.74083,-84.39654,
ROBBERY-PEDESTRIAN,170440055,02/13/2017,410 W LAKE AVE NW,107,Grove Park,J,33.7665,-84.44107,
BURGLARY-RESIDENCE,170440099,02/13/2017,279 LITTLE ST SE,605,Grant Park,W,33.73296,-84.37859,
ROBBERY-PEDESTRIAN,170440303,02/13/2017,3440 BOULDER PARK DR SW,407,Mays,H,33.75004,-84.50063,
BURGLARY-NONRES,170440543,02/13/2017,1380 ATLANTIC DR NW @PUBLIX - ATLANTIC,501,Atlantic Station,E,33.79282,-84.39779,
AUTO THEFT,170440666,02/13/2017,3200 STONE RD SW,411,Greenbriar,R,33.6697,-84.49403,
BURGLARY-RESIDENCE,170440693,02/13/2017,725 PONCE DE LEON AVE NE,602,Poncey-Highland,N,33.77296,-84.36414,
LARCENY-FROM VEHICLE,170440713,02/13/2017,3315 ROSWELL RD NE,208,Buckhead Forest,B,33.84531,-84.38051,
AUTO THEFT,170440800,02/13/2017,2745 OLD HAPEVILLE RD SW,311,Glenrose Heights,Z,33.67992,-84.39348,
LARCENY-NON VEHICLE,170440895,02/13/2017,1717 LAKEWOOD AVE SE,307,Lakewood Heights,Y,33.70678,-84.38031,
LARCENY-FROM VEHICLE,170440945,02/13/2017,641 NORTH AVE NE,603,Old Fourth Ward,M,33.77103,-84.36618,
LARCENY-NON VEHICLE,170440967,02/13/2017,85 PEACHTREE PL NE,503,Midtown,E,33.78068,-84.38484,
LARCENY-FROM VEHICLE,170441070,02/13/2017,1530 DEKALB AVE NE,608,Candler Park,N,33.76282,-84.33754,
LARCENY-FROM VEHICLE,170441140,02/13/2017,1001 PONCE DE LEON AVE NE ,602,Poncey-Highland,N,33.7734,-84.35467,
ROBBERY-PEDESTRIAN,170441183,02/13/2017,1085 KATHERWOOD DR SW,306,Sylvan Hills,X,33.71026,-84.42366,
BURGLARY-RESIDENCE,170441246,02/13/2017,1900 EVANS DR SW,306,Sylvan Hills,X,33.70251,-84.42119,
LARCENY-FROM VEHICLE,170441352,02/13/2017,886 SAINT CHARLES AVE NE,601,Virginia Highland,F,33.77551,-84.35801,
LARCENY-FROM VEHICLE,170441378,02/13/2017,3464 ROXBORO RD NE,210,Buckhead Heights,B,33.84914,-84.35478,
LARCENY-FROM VEHICLE,170441382,02/13/2017,1642 MCLENDON AVE NE,608,Candler Park,N,33.76485,-84.333,
BURGLARY-RESIDENCE,170441390,02/13/2017,859 PRYOR ST SW,303,Mechanicsville,V,33.73126,-84.39339,
AUTO THEFT,170441414,02/13/2017,50 MOUNT ZION RD SE,312,Glenrose Heights,Z,33.67286,-84.38706,
AUTO THEFT,170441630,02/13/2017,479 LINCOLN DR NW,109,Center Hill,J,33.76861,-84.46628,
LARCENY-FROM VEHICLE,170441654,02/13/2017,1558 VENETIAN DR SW @VENETIAN HILL BAPTS,408,Venetian Hills,S,33.71437,-84.43965,
LARCENY-NON VEHICLE,170441676,02/13/2017,1104 MORELAND AVE SE,607,East Atlanta,W,33.7246,-84.34932,
LARCENY-FROM VEHICLE,170441681,02/13/2017,479 JOSEPH E BOONE BLVD NW,103,English Avenue,L,33.7638,-84.40349,
LARCENY-FROM VEHICLE,170441706,02/13/2017,840 MARIETTA ST NW,504,Marietta Street Artery,E,33.77522,-84.40691,
ROBBERY-PEDESTRIAN,170441842,02/13/2017,2300 WILSON DR SW @ADAMS PARK,409,Adams Park,R,33.71482,-84.46459,
AUTO THEFT,170441957,02/13/2017,365 14TH ST NW,501,Home Park,E,33.78654,-84.39909,
LARCENY-FROM VEHICLE,170442071,02/13/2017,329 MARIETTA ST NW,508,Downtown,M,33.7623,-84.39643,
AUTO THEFT,170442168,02/13/2017,930 SPRING ST NW,503,Midtown,E,33.77989,-84.38898,
LARCENY-NON VEHICLE,170442217,02/13/2017,895 DURANT PL NE,506,Midtown,E,33.77899,-84.37506,
LARCENY-NON VEHICLE,170442233,02/13/2017,738 MYRTLE ST NE,505,Midtown,E,33.77485,-84.38014,
LARCENY-FROM VEHICLE,170442335,02/13/2017,768 MARIETTA ST NW,504,Marietta Street Artery,E,33.77331,-84.40403,
AUTO THEFT,170442553,02/13/2017,1071 CHATTAHOOCHEE AVE NW,204,Underwood Hills,D,33.80147,-84.4223,
LARCENY-FROM VEHICLE,170442578,02/13/2017,1046 MEMORIAL DR SE,606,Reynoldstown,N,33.74702,-84.35343,
ROBBERY-PEDESTRIAN,170442671,02/13/2017,1274 HARDEE ST NE,609,Edgewood,O,33.75549,-84.34603,
LARCENY-FROM VEHICLE,170442822,02/13/2017,75 MARTIN L KING JR DR SW,511,Downtown,M,33.75119,-84.38996,
ROBBERY-PEDESTRIAN,170430383,02/12/2017,570 PIEDMONT AVE NE,509,Downtown,M,33.77012,-84.38249,
LARCENY-NON VEHICLE,170430387,02/12/2017,477 PEACHTREE ST NE,509,Downtown,M,33.76764,-84.38524,
BURGLARY-RESIDENCE,170430510,02/12/2017,49 BOULEVARD SE,604,Sweet Auburn,M,33.75275,-84.37186,
ROBBERY-PEDESTRIAN,170430523,02/12/2017,569 WARWICK ST SE,607,Ormewood Park,W,33.74019,-84.35079,
BURGLARY-NONRES,170430533,02/12/2017,708 ANTONE ST NW,207,Berkeley Park,D,33.79756,-84.41148,
LARCENY-FROM VEHICLE,170430550,02/12/2017,MILLS ST NW / MARIETTA ST NW,504,Downtown,M,33.76535,-84.39738,
BURGLARY-RESIDENCE,170430553,02/12/2017,2591 ETHERIDGE CT,113,Carey Park,G,33.7881,-84.47292,
BURGLARY-RESIDENCE,170430621,02/12/2017,1244 DEFOOR VILLAGE CT NW,204,Underwood Hills,D,33.81042,-84.4283,
ROBBERY-PEDESTRIAN,170430693,02/12/2017,72 HEMPHILL SCHOOL RD NW,111,Adamsville,H,33.75731,-84.50083,
LARCENY-FROM VEHICLE,170430712,02/12/2017,1300 SYLVAN RD SW,301,Capitol View,X,33.71946,-84.41756,
ROBBERY-PEDESTRIAN,170430767,02/12/2017,400 COURTLAND ST NE,509,Downtown,M,33.76579,-84.3842,
LARCENY-FROM VEHICLE,170430905,02/12/2017,3609 GINNIS RD SW,407,Fairburn Mays,H,33.73177,-84.51022,
LARCENY-FROM VEHICLE,170431145,02/12/2017,201 MOURY AVE SW,305,The Villages at Carver,Y,33.71691,-84.39276,
LARCENY-NON VEHICLE,170431275,02/12/2017,590 CASCADE AVE SW @KROGER - CASCADE,402,West End,T,33.73812,-84.43276,
AUTO THEFT,170431356,02/12/2017,292 SUNSET AVE NW,102,Vine City,L,33.76255,-84.41021,
LARCENY-FROM VEHICLE,170431422,02/12/2017,2975 HEADLAND DR SW @BIG LOTS - HEADLAND,411,Greenbriar,R,33.69168,-84.4872,
BURGLARY-RESIDENCE,170431425,02/12/2017,2633 ACORN AVE NE,206,Garden Hills,B,33.82679,-84.37822,
BURGLARY-RESIDENCE,170431480,02/12/2017,3680 MANOR CT SW,407,Fairburn Mays,H,33.73275,-84.51048,
LARCENY-FROM VEHICLE,170431496,02/12/2017,840 MARIETTA ST NW ,504,Marietta Street Artery,E,33.77522,-84.40691,
LARCENY-NON VEHICLE,170431620,02/12/2017,3334 PEACHTREE RD NE ,208,North Buckhead,B,33.84911,-84.37075,
AUTO THEFT,170431733,02/12/2017,GA 400 NB EXPY NE / WIEUCA RD NE,209,North Buckhead,B,33.864,-84.36883,
LARCENY-NON VEHICLE,170431741,02/12/2017,850 OAK ST SW @WEST END MALL,401,West End,T,33.74053,-84.41671,
AUTO THEFT,170431748,02/12/2017,3635 E PACES CIR NE,210,Ridgedale Park,B,33.8494,-84.35279,
BURGLARY-RESIDENCE,170431760,02/12/2017,3537 FAIRBURN PL NW,114,Fairburn Heights,H,33.77217,-84.50329,
AGG ASSAULT,170431796,02/12/2017,500 NORTHSIDE CIR NW,207,Loring Heights,E,33.79724,-84.40668,
LARCENY-FROM VEHICLE,170431854,02/12/2017,90 MARTIN LUTHER KING JR BLVD,512,Downtown,M,33.75124,-84.39086,
LARCENY-NON VEHICLE,170431902,02/12/2017,835 MARTIN L KING JR DR NW,102,Vine City,L,33.75504,-84.41457,
BURGLARY-RESIDENCE,170431908,02/12/2017,1403 BOLTON RD NW,114,English Park,G,33.79354,-84.49236,
LARCENY-NON VEHICLE,170431916,02/12/2017,850 OAK ST SW @WEST END MALL SHOPP,401,West End,T,33.74057,-84.4168,
AGG ASSAULT,170431991,02/12/2017,249 PETERS ST,507,Castleberry Hill,M,33.74789,-84.40161,
BURGLARY-NONRES,170432004,02/12/2017,4177 WIEUCA RD NE,209,North Buckhead,B,33.86592,-84.37229,
LARCENY-FROM VEHICLE,170432177,02/12/2017,4429 ROSWELL RD NE,209,North Buckhead,B,33.87622,-84.38013,
AUTO THEFT,170432198,02/12/2017,3455 INGLEDALE DR SW,412,Heritage Valley,P,33.70543,-84.49994,
LARCENY-FROM VEHICLE,170432239,02/12/2017,1635 CENTRA VILLA DR SW,409,Adams Park,R,33.71111,-84.45517,
BURGLARY-RESIDENCE,170432271,02/12/2017,3760 BRANCH DR SW,407,Fairburn Road/Wisteria Lane,H,33.7493,-84.51144,
AGG ASSAULT,170432290,02/12/2017,404 BAKER CIR NW,109,Center Hill,J,33.76811,-84.4606,
AUTO THEFT,170432305,02/12/2017,2020 HOWELL MILL RD NW @PUBLIX - HOWELL,205,Wildwood (NPU-C),C,33.81022,-84.41347,
BURGLARY-RESIDENCE,170432329,02/12/2017,370 NORTHSIDE DR,103,English Avenue,L,33.76507,-84.4042,
LARCENY-NON VEHICLE,170432386,02/12/2017,3340 PEACHTREE RD NE @TOWER PLACE,208,North Buckhead,B,33.84743,-84.37089,
AUTO THEFT,170432393,02/12/2017,2841 GREENBRIAR PKWY SW @GREENBRIAR MALL,411,Greenbriar,R,33.68845,-84.49328,
LARCENY-FROM VEHICLE,170432405,02/12/2017,230 10TH ST NE,502,Midtown,E,33.78187,-84.37981,
LARCENY-FROM VEHICLE,170432550,02/12/2017,472 MAGNOLIA ST NW,102,Vine City,L,33.75796,-84.40289,
BURGLARY-NONRES,170420013,02/11/2017,839 BEECHER ST SW ,401,West End,T,33.73374,-84.41519,
LARCENY-FROM VEHICLE,170420022,02/11/2017,249 MILLS ST NW,504,Downtown,M,33.76542,-84.39553,
AGG ASSAULT,170420156,02/11/2017,544 GRANT ST SW,306,Sylvan Hills,X,33.70276,-84.4062,
ROBBERY-PEDESTRIAN,170420250,02/11/2017,115 HILLIARD ST NE,604,Sweet Auburn,M,33.75731,-84.37646,
LARCENY-NON VEHICLE,170420271,02/11/2017,887 SPRING ST NW,505,Midtown,E,33.77909,-84.38836,
LARCENY-FROM VEHICLE,170420325,02/11/2017,891 ROSEDALE RD NE,601,Virginia Highland,F,33.77882,-84.34807,
AUTO THEFT,170420334,02/11/2017,1150 PEACHTREE ST NE,503,Midtown,E,33.78595,-84.3837,
LARCENY-FROM VEHICLE,170420337,02/11/2017,ANDREW YOUNG INTERNA BLVD NW / CENTENNIAL OLYMPIC P DR,508,Downtown,M,33.75973,-84.39207,
LARCENY-NON VEHICLE,170420629,02/11/2017,3465 NORTHSIDE PKWY NW,202,Randall Mill,A,33.84958,-84.42962,
LARCENY-FROM VEHICLE,170420828,02/11/2017,342 MARIETTA ST NW,507,Downtown,M,33.76234,-84.39683,
LARCENY-FROM VEHICLE,170420875,02/11/2017,322 JORDAN ST SE,307,Lakewood Heights,Y,33.70381,-84.37861,
LARCENY-FROM VEHICLE,170420891,02/11/2017,562 HAROLD AVE NE,608,Lake Claire,N,33.76954,-84.3309,
LARCENY-NON VEHICLE,170420900,02/11/2017,1155 JOSEPH E BOONE BLVD NW,106,Bankhead,K,33.7636,-84.42558,
AUTO THEFT,170420930,02/11/2017,10 26TH ST NW,207,Brookwood,E,33.80239,-84.39374,
AUTO THEFT,170421000,02/11/2017,1661 DEFOOR AVE NW,204,Underwood Hills,D,33.80103,-84.41747,
AUTO THEFT,170421032,02/11/2017,445 CLEVELAND AVE SE,312,Rosedale Heights,Z,33.68149,-84.37152,
AUTO THEFT,170421131,02/11/2017,765 MCDANIEL ST SW,302,Pittsburgh,V,33.73365,-84.40221,
AUTO THEFT,170421156,02/11/2017,1226 PORTLAND AVE SE,612,East Atlanta,W,33.73915,-84.34751,
BURGLARY-RESIDENCE,170421264,02/11/2017,4083 BLANTON AVE SW,413,Fairburn,P,33.69114,-84.5231,
LARCENY-NON VEHICLE,170421266,02/11/2017,2525 PIEDMONT RD NE @HOME DEPOT,211,Lindbergh/Morosgo,B,33.824,-84.36521,
LARCENY-FROM VEHICLE,170421275,02/11/2017,314 LUCKIE ST NW,508,Downtown,M,33.76296,-84.39669,
AGG ASSAULT,170421328,02/11/2017,342 LAQUITA DR,307,Lakewood Heights,Y,33.70269,-84.37744,
LARCENY-FROM VEHICLE,170421404,02/11/2017,697 LAWTON ST SW,402,West End,T,33.73594,-84.42367,
BURGLARY-RESIDENCE,170421450,02/11/2017,1105 ARLINGTON AVE SW,402,Oakland City,S,33.72397,-84.4242,
LARCENY-NON VEHICLE,170421468,02/11/2017,736 PONCE DE LEON AVE NE,601,Virginia Highland,F,33.77386,-84.3631,
LARCENY-NON VEHICLE,170421482,02/11/2017,3103 COLLIER DR NW,112,Collier Heights,I,33.76525,-84.48828,
LARCENY-FROM VEHICLE,170421528,02/11/2017,2975 HEADLAND DR SW,411,Greenbriar,R,33.69168,-84.4872,
LARCENY-NON VEHICLE,170421555,02/11/2017,20 SANDERSON ST NE,609,Edgewood,O,33.75402,-84.34612,
AUTO THEFT,170421599,02/11/2017,349 DECATUR ST SE,604,Sweet Auburn,M,33.74993,-84.37706,
LARCENY-FROM VEHICLE,170421913,02/11/2017,270 15TH ST NE,502,Ansley Park,E,33.78862,-84.37798,
LARCENY-FROM VEHICLE,170421957,02/11/2017,996 BLUE RIDGE AVE NE,602,Poncey-Highland,N,33.77266,-84.35492,
AUTO THEFT,170421969,02/11/2017,405 FAIRBURN RD SW,407,Wildwood (NPU-H),H,33.74367,-84.50959,
LARCENY-NON VEHICLE,170422060,02/11/2017,1801 HOWELL MILL RD NW,204,Berkeley Park,D,33.80388,-84.41278,
AUTO THEFT,170422222,02/11/2017,2989 CAMPBELLTON RD SW,409,Southwest,R,33.69655,-84.48597,
AUTO THEFT,170422279,02/11/2017,1179 CAHABA DR SW,403,Cascade Avenue/Road,S,33.72324,-84.44861,
BURGLARY-RESIDENCE,170422282,02/11/2017,1999 BENT CREEK WAY SW,410,Campbellton Road,R,33.70166,-84.46412,
LARCENY-NON VEHICLE,170422396,02/11/2017,3393 PEACHTREE RD NE @LENOX MALL,210,Lenox,B,33.84676,-84.36212,
LARCENY-FROM VEHICLE,170422462,02/11/2017,3652 ROSWELL RD NW @LANDMARK DINER,202,Tuxedo Park,A,33.85409,-84.38301,
AUTO THEFT,170422485,02/11/2017,850 OAK ST SW,401,West End,T,33.74057,-84.4168,
BURGLARY-NONRES,170422523,02/11/2017,105 PEACHTREE STREET,508,Downtown,M,33.75178,-84.3925,
AGG ASSAULT,170422730,02/11/2017,792 MAGNOLIA WAY NW,102,Vine City,L,33.75805,-84.41389,
ROBBERY-PEDESTRIAN,170422745,02/11/2017,3335 MARTIN L KING JR DR NW,111,Adamsville,H,33.7551,-84.49652,
LARCENY-NON VEHICLE,170422764,02/11/2017,500 10TH ST NE ,502,,E,33.78223,-84.36922,
HOMICIDE,170412315013,02/10/2017,3020 DELMAR LN NW,111,,I,33.75527,-84.48577,
LARCENY-FROM VEHICLE,170371464,02/10/2017,740 FAIRFIELD RD,202,Mt. Paran/Northside,A,33.85967,-84.41316,
LARCENY-FROM VEHICLE,170410006,02/10/2017,448 BOULEVARD SE,605,Grant Park,W,33.74203,-84.36756,
AUTO THEFT,170410233,02/10/2017,1322 EUCLID AVE NE,608,Candler Park,N,33.76865,-84.34444,
BURGLARY-RESIDENCE,170410278,02/10/2017,496 BROADLAND RD NW,202,Chastain Park,A,33.86514,-84.40346,
ROBBERY-COMMERCIAL,170410451,02/10/2017,3534 MARTIN L KING JR DR SW,407,Adamsville,H,33.75771,-84.50344,
LARCENY-NON VEHICLE,170410496,02/10/2017,3393 PEACHTREE RD NE @LENOX MALL,210,Lenox,B,33.84676,-84.36212,
BURGLARY-NONRES,170410809,02/10/2017,2235 DEFOOR HILLS RD NW,204,Underwood Hills,D,33.81634,-84.43376,
AUTO THEFT,170410838,02/10/2017,1009 EISENHOWER RD SE,313,South River Gardens,Z,33.65642,-84.35683,
LARCENY-FROM VEHICLE,170410899,02/10/2017,35 HAYGOOD AVE SE,304,Peoplestown,V,33.72645,-84.38684,
LARCENY-FROM VEHICLE,170410911,02/10/2017,855 W PEACHTREE ST NE,505,Midtown,E,33.77773,-84.38718,
LARCENY-FROM VEHICLE,170410978,02/10/2017,1084 WOODLAND AVE SE @WOODLAND HILLS BAPT,607,Woodland Hills,W,33.72495,-84.35322,
BURGLARY-NONRES,170411017,02/10/2017,542 MORELAND AVE SE,612,East Atlanta,W,33.73931,-84.34896,
LARCENY-NON VEHICLE,170411020,02/10/2017,1165 RALPH D ABERNATHY BLVD SW,401,West End,T,33.73859,-84.42597,
AGG ASSAULT,170411026,02/10/2017,225 CENTRAL AVE SW,512,Downtown,M,33.74833,-84.39183,
LARCENY-FROM VEHICLE,170411044,02/10/2017,3645 SOUTHSIDE INDUSTRIAL PKWY SE,313,Blair Villa/Poole Creek,Z,33.65833,-84.37332,
BURGLARY-RESIDENCE,170411202,02/10/2017,93 ROCKY FORD RD NE,610,Kirkwood,O,33.7544,-84.31602,
LARCENY-FROM VEHICLE,170411260,02/10/2017,450 16TH ST NW,501,Home Park,E,33.78852,-84.40344,
LARCENY-NON VEHICLE,170411276,02/10/2017,1874 PIEDMONT AVE NE,212,Piedmont Heights,F,33.80721,-84.36643,
LARCENY-FROM VEHICLE,170411281,02/10/2017,1066  MURPHY AVE SW,301,Oakland City,S,33.72631,-84.41797,
LARCENY-NON VEHICLE,170411292,02/10/2017,1506 HOWELL MILL RD NW,207,Berkeley Park,D,33.79593,-84.41609,
AGG ASSAULT,170411353,02/10/2017,1560 AVON AVE SW,408,Venetian Hills,S,33.72227,-84.43893,
LARCENY-NON VEHICLE,170411426,02/10/2017,2786 OLD HAPEVILLE RD SW,312,Glenrose Heights,Z,33.67886,-84.39251,
LARCENY-NON VEHICLE,170411438,02/10/2017,2841 GREENBRIAR PKWY SW ,411,Greenbriar,R,33.68677,-84.49773,
BURGLARY-RESIDENCE,170411511,02/10/2017,634 AMAL DR SW,307,Amal Heights,Y,33.70928,-84.39617,
AGG ASSAULT,170411549,02/10/2017,1327 ROBERTS DR SE,305,Chosewood Park,Y,33.71841,-84.36992,
BURGLARY-RESIDENCE,170411567,02/10/2017,4090 FAIRBURN AVE SW,413,Fairburn,P,33.69175,-84.52325,
BURGLARY-NONRES,170411734,02/10/2017,2115 PIEDMONT RD NE ,212,Morningside/Lenox Park,F,33.81235,-84.36578,
LARCENY-FROM VEHICLE,170411798,02/10/2017,23 LARKIN PL SW,507,Castleberry Hill,M,33.74749,-84.40414,
LARCENY-NON VEHICLE,170411804,02/10/2017,89 ELLIS ST NE,510,Downtown,M,33.75813,-84.38477,
LARCENY-FROM VEHICLE,170411822,02/10/2017,303 PARKWAY DR NE @GA BAPTIST,604,Old Fourth Ward,M,33.76286,-84.37405,
LARCENY-NON VEHICLE,170411832,02/10/2017,1350 SPRING ST NW,502,Midtown,E,33.79153,-84.38993,
LARCENY-NON VEHICLE,170411844,02/10/2017,2625 PIEDMONT RD NE         ,211,Lindbergh/Morosgo,B,33.82742,-84.36532,
LARCENY-NON VEHICLE,170411859,02/10/2017,720 RALPH MCGILL BLVD NE,603,Old Fourth Ward,M,33.76626,-84.36428,
ROBBERY-PEDESTRIAN,170411920,02/10/2017,1074 ARLINGTON AVE SW,403,Oakland City,S,33.72289,-84.42337,
LARCENY-NON VEHICLE,170411961,02/10/2017,595 PIEDMONT AVE,603,Old Fourth Ward,M,33.77067,-84.38023,
LARCENY-NON VEHICLE,170412038,02/10/2017,1217 CAROLINE ST NE,609,Edgewood,O,33.75786,-84.34875,
AUTO THEFT,170412045,02/10/2017,330 LYNHURST DR SW,406,Ivan Hill,I,33.74736,-84.48866,
AUTO THEFT,170412066,02/10/2017,628 EAST AVE ,603,Old Fourth Ward,M,33.76319,-84.36664,
LARCENY-NON VEHICLE,170412186,02/10/2017,2365 PEACHTREE RD NE @PUBLIX - PEACH BAT,211,Peachtree Hills,B,33.82002,-84.38776,
LARCENY-NON VEHICLE,170412241,02/10/2017,1297 JONESBORO RD SE,305,South Atlanta,Y,33.71904,-84.38515,
BURGLARY-RESIDENCE,170412322,02/10/2017,2586 ELLIOTT ST NW,109,Carey Park,G,33.78159,-84.47298,
BURGLARY-RESIDENCE,170412385,02/10/2017,1429 N MORNINGSIDE DR NE,213,Morningside/Lenox Park,F,33.79374,-84.35743,
LARCENY-NON VEHICLE,170412610,02/10/2017,252 WALKER ST SW,507,Castleberry Hill,M,33.74769,-84.40258,
BURGLARY-RESIDENCE,170412677,02/10/2017,3006 DELMAR LN NW,111,,I,33.75524,-84.48543,
LARCENY-FROM VEHICLE,170412688,02/10/2017,16 WILLIAM H BORDERS DR SE,604,Sweet Auburn,M,33.75395,-84.37543,
BURGLARY-RESIDENCE,170412707,02/10/2017,1355 WYLIE ST SE,609,Edgewood,O,33.75134,-84.3432,
LARCENY-FROM VEHICLE,170412789,02/10/2017,2167 MONROE DR NE @FIRE STATION 29,212,Piedmont Heights,F,33.81062,-84.369,
BURGLARY-RESIDENCE,170412805,02/10/2017,3991 ESTER DR SW,407,Wilson Mill Meadows,H,33.75303,-84.51879,
LARCENY-FROM VEHICLE,170412816,02/10/2017,391 UTOY CIR SW,407,Ridgecrest Forest,H,33.74344,-84.52789,
AUTO THEFT,170412925,02/10/2017,PERKERSON RD SW / AVERY RD SW,309,Perkerson,X,33.69158,-84.41139,
BURGLARY-RESIDENCE,170412977,02/10/2017,1999 BENT CREEK WAY SW,410,Campbellton Road,R,33.70087,-84.46574,
LARCENY-FROM VEHICLE,170412990,02/10/2017,855 PEACHTREE ST NE,505,Midtown,E,33.77798,-84.38389,
ROBBERY-COMMERCIAL,170413018,02/10/2017,2061 DONALD LEE HOLLOWELL PKWY NW,107,Grove Park,J,33.77702,-84.45284,
BURGLARY-RESIDENCE,170413041,02/10/2017,1754 RICHMOND CIR SE,307,Lakewood Heights,Y,33.70698,-84.3745,
LARCENY-NON VEHICLE,170413061,02/10/2017,2555 BOLTON RD NW ,201,,C,33.82028,-84.45188,
AUTO THEFT,170413067,02/10/2017,1960 ALISON CT SW,410,Campbellton Road,R,33.70061,-84.45299,
ROBBERY-PEDESTRIAN,170413076,02/10/2017,2910 CAMPBELLTON RD SW;,409,Southwest,R,33.69754,-84.48365,
LARCENY-NON VEHICLE,170413085,02/10/2017,1267 CAROLINE ST NE,609,Edgewood,O,33.75751,-84.34631,
AGG ASSAULT,170413092,02/10/2017,790 GLENWOOD AVE SE,605,Grant Park,W,33.74045,-84.36087,
BURGLARY-RESIDENCE,170413109,02/10/2017,490 GLENN ST SW,303,Mechanicsville,V,33.73805,-84.40262,
LARCENY-NON VEHICLE,170413114,02/10/2017,1234 ELIZABETH AVE SW,403,Venetian Hills,S,33.72146,-84.43527,
AGG ASSAULT,170413312,02/10/2017,2591 ETHERIDGE DR NW,113,Carey Park,G,33.7881,-84.47292,
LARCENY-FROM VEHICLE,170391484,02/09/2017,12 ATLANTA AVE SW,304,Peoplestown,V,33.73049,-84.38846,
AUTO THEFT,170400162,02/09/2017,2489 OLDKNOW DR NW,109,Center Hill,J,33.7718,-84.46883,
LARCENY-FROM VEHICLE,170400373,02/09/2017,27 DANIEL AVE SE,611,East Lake,O,33.75085,-84.29872,
LARCENY-FROM VEHICLE,170400394,02/09/2017,262 EDGEWOOD AVE NE,510,Downtown,M,33.75455,-84.3791,
LARCENY-FROM VEHICLE,170400397,02/09/2017,1829 CAMPBELLTON RD SW,408,Venetian Hills,S,33.71,-84.44863,
BURGLARY-NONRES,170400415,02/09/2017,1750 HOWELL MILL RD NW,204,Underwood Hills,D,33.80174,-84.41546,
AGG ASSAULT,170400426,02/09/2017,1170 HOWELL MILL RD NW,501,Home Park,E,33.7858,-84.41208,
LARCENY-FROM VEHICLE,170400744,02/09/2017,1270 SELLS AVE SW,401,West End,T,33.74495,-84.4293,
LARCENY-FROM VEHICLE,170400894,02/09/2017,1037 EDEN AVE SE,607,Ormewood Park,W,33.72992,-84.35379,
AUTO THEFT,170400924,02/09/2017,330 LYNHURST DR SW,406,Ivan Hill,I,33.74736,-84.48866,
LARCENY-FROM VEHICLE,170401099,02/09/2017,620 JOHN WESLEY DOBBS AVE NE,604,Old Fourth Ward,M,33.75958,-84.36695,
AUTO THEFT,170401132,02/09/2017,775 FORMWALT ST SW,303,Mechanicsville,V,33.73372,-84.39604,
LARCENY-FROM VEHICLE,170401164,02/09/2017,1943 PEACHTREE RD NE,207,Brookwood Hills,E,33.80799,-84.39355,
ROBBERY-RESIDENCE,170401173,02/09/2017,1999 BENT CREEK WAY SW,410,Campbellton Road,R,33.70087,-84.46574,
LARCENY-NON VEHICLE,170401209,02/09/2017,1331 EASON ST NW,105,Hunter Hills,K,33.75777,-84.43146,
BURGLARY-RESIDENCE,170401232,02/09/2017,911 HANK AARON DR SW,304,Peoplestown,V,33.72977,-84.3883,
LARCENY-FROM VEHICLE,170401275,02/09/2017,1824 WELLBOURNE DR NE,213,Morningside/Lenox Park,F,33.80443,-84.36046,
LARCENY-NON VEHICLE,170401344,02/09/2017,895 RALPH D ABERNATHY BLVD SW,401,West End,T,33.7398,-84.41751,
LARCENY-NON VEHICLE,170401407,02/09/2017,1011 LEE ST SW,402,Oakland City,S,33.7273,-84.41844,
LARCENY-NON VEHICLE,170401419,02/09/2017,2525 PIEDMONT RD NE,211,Lindbergh/Morosgo,B,33.824,-84.36521,
AGG ASSAULT,170401437,02/09/2017,1118 FAITH AVE SE,606,Ormewood Park,W,33.74356,-84.35059,
BURGLARY-RESIDENCE,170401508,02/09/2017,770 N EVELYN PL NW,110,Grove Park,J,33.77597,-84.44627,
LARCENY-NON VEHICLE,170401535,02/09/2017,1085 LINDBERGH DR NE @VARSITY JR,212,Lindridge/Martin Manor,F,33.81842,-84.35253,
LARCENY-FROM VEHICLE,170401536,02/09/2017,1646 S GORDON ST SW,404,Westview,T,33.73945,-84.44169,
BURGLARY-RESIDENCE,170401569,02/09/2017,1135 NISKEY LAKE RD SW,412,Midwest Cascade,Q,33.72452,-84.53455,
LARCENY-FROM VEHICLE,170401571,02/09/2017,876 PARSONS ST SW,101,Atlanta University Center,T,33.75061,-84.41634,
LARCENY-NON VEHICLE,170401572,02/09/2017,424 DECATUR ST SE,604,Sweet Auburn,M,33.75107,-84.37448,
LARCENY-NON VEHICLE,170401573,02/09/2017,2900 PEACHTREE RD NW @CALL BOX 1,206,Peachtree Heights West,B,33.83399,-84.3841,
LARCENY-NON VEHICLE,170401610,02/09/2017,3850 JONESBORO RD SE @EXPOSITION CENTER,313,South River Gardens,Z,33.65088,-84.36362,
LARCENY-NON VEHICLE,170401677,02/09/2017,3145 PEACHTREE RD NE,206,Buckhead Village,B,33.84026,-84.37738,
ROBBERY-PEDESTRIAN,170401816,02/09/2017,260 WADLEY ST NW,108,Dixie Hills,J,33.75898,-84.45839,
BURGLARY-RESIDENCE,170401828,02/09/2017,1650 CLIFTON TER NE,608,Druid Hills,N,33.77191,-84.33343,
BURGLARY-NONRES,170401837,02/09/2017,2997 CAMPBELLTON RD SW,409,Southwest,R,33.6962,-84.48681,
LARCENY-NON VEHICLE,170401944,02/09/2017,2001 JAMES JACKSON PKWY NW,203,Riverside,D,33.81063,-84.47569,
LARCENY-NON VEHICLE,170401958,02/09/2017,2076 CAMPBELLTON RD SW,410,Campbellton Road,R,33.7065,-84.45701,
AUTO THEFT,170401963,02/09/2017,1401 MARIETTA BLVD NW,203,Blandtown,D,33.79286,-84.42997,
BURGLARY-RESIDENCE,170402000,02/09/2017,1834 S GORDON ST SW,404,Westview,T,33.73688,-84.44671,
LARCENY-FROM VEHICLE,170402008,02/09/2017,3275 PEACHTREE RD NE,208,Peachtree Park,B,33.84439,-84.36942,
LARCENY-FROM VEHICLE,170402053,02/09/2017,888 3RD ST NW,504,Marietta Street Artery,E,33.77918,-84.40915,
LARCENY-FROM VEHICLE,170402076,02/09/2017,1119 LOGAN CIR NW,204,Underwood Hills,D,33.80616,-84.4329,
LARCENY-FROM VEHICLE,170402096,02/09/2017,1800 HOWELL MILL RD NW @CK,204,Underwood Hills,D,33.80479,-84.41455,
LARCENY-NON VEHICLE,170402136,02/09/2017,187 MOURY AVE SW,305,The Villages at Carver,Y,33.71449,-84.39138,
BURGLARY-RESIDENCE,170402209,02/09/2017,2799 TUPELO ST SE,611,East Lake,O,33.74843,-84.29532,
LARCENY-NON VEHICLE,170402276,02/09/2017,181 PEACHTREE ST NE,510,Downtown,M,33.75861,-84.3872,
LARCENY-NON VEHICLE,170402324,02/09/2017,2480 ARNO DR NW,110,Carver Hills,G,33.79897,-84.46929,
ROBBERY-PEDESTRIAN,170402351,02/09/2017,330 THOMASVILLE BLVD SE,308,Thomasville Heights,Z,33.70584,-84.35656,
BURGLARY-RESIDENCE,170402422,02/09/2017,1994 BENT CREEK WAY SW,410,Campbellton Road,R,33.7011,-84.46631,
BURGLARY-RESIDENCE,170402425,02/09/2017,241 SUNSET AVE NW,102,Vine City,L,33.76118,-84.40959,
BURGLARY-RESIDENCE,170402462,02/09/2017,238 HAAS AVE SE,609,Edgewood,O,33.747,-84.34424,
LARCENY-FROM VEHICLE,170402466,02/09/2017,15 PEACHTREE ST SW,511,Downtown,M,33.75432,-84.38978,
LARCENY-NON VEHICLE,170402471,02/09/2017,336 JOSEPH E LOWERY BLVD NW,106,Bankhead,K,33.76383,-84.41787,
LARCENY-FROM VEHICLE,170402561,02/09/2017,907 MARIETTA ST NW         ,504,Marietta Street Artery,E,33.77714,-84.40791,
AUTO THEFT,170402610,02/09/2017,2636 MARTIN L KING JR DR SW,405,Harland Terrace,I,33.75277,-84.47429,
LARCENY-NON VEHICLE,170402679,02/09/2017,3755 CARMIA DR SW,414,Princeton Lakes,P,33.65571,-84.50908,
LARCENY-FROM VEHICLE,170402688,02/09/2017,1024 CULPEPPER ST NW,203,Blandtown,D,33.792,-84.42118,
LARCENY-FROM VEHICLE,170402854,02/09/2017,2809 PEACHTREE RD NE,206,Garden Hills,B,33.83157,-84.38498,
BURGLARY-RESIDENCE,170402886,02/09/2017,1191 BEECHVIEW DR SE,607,East Atlanta,W,33.72613,-84.34917,
ROBBERY-PEDESTRIAN,170402915,02/09/2017,479 JOSEPH E BOONE BLVD NW,103,English Avenue,L,33.7638,-84.40349,
LARCENY-NON VEHICLE,170402986,02/09/2017,1801 DELOWE DRIVE SW,410,Adams Park,R,33.70646,-84.45738,
LARCENY-FROM VEHICLE,170403066,02/09/2017,80 JESSE HILL JR DR SE @GRADY,510,Downtown,M,33.75168,-84.38198,
ROBBERY-PEDESTRIAN,170403072,02/09/2017,665 LAWTON ST SW,402,West End,T,33.73688,-84.42366,
LARCENY-FROM VEHICLE,170403087,02/09/2017,668 HIGHLAND AVE NE,604,Old Fourth Ward,M,33.76147,-84.36534,
LARCENY-FROM VEHICLE,170403097,02/09/2017,678 10TH ST NW,501,Home Park,E,33.78128,-84.4097,
LARCENY-FROM VEHICLE,170403107,02/09/2017,2341 MARIETTA BLVD NW,203,Bolton,D,33.81923,-84.45204,
AGG ASSAULT,170403156,02/09/2017,680 LEE ST SW @S2,401,West End,T,33.73608,-84.41365,
LARCENY-FROM VEHICLE,170403167,02/09/2017,370 N HIGHLAND AVE NE @FREEDOM PARK,602,Inman Park,N,33.7645,-84.35553,
LARCENY-FROM VEHICLE,170403196,02/09/2017,1111 EUCLID AVE NE,602,Inman Park,N,33.764,-84.35057,
LARCENY-NON VEHICLE,170403208,02/09/2017,1136 EUCLID AVE NE,602,Inman Park,N,33.76472,-84.35023,
BURGLARY-RESIDENCE,170403224,02/09/2017,501 BURROUGHS ST SE,305,Chosewood Park,Y,33.71733,-84.37148,
AUTO THEFT,170403340,02/09/2017,1975 ALISON CT SW,410,Campbellton Road,R,33.70081,-84.45327,
BURGLARY-NONRES,170341146,02/09/2017,72 SOLOMON ST SE,304,Summerhill,V,33.74271,-84.38533,
LARCENY-NON VEHICLE,170391497,02/08/2017,3227 ROSWELL RD NE,208,Buckhead Forest,B,33.84314,-84.37867,
BURGLARY-RESIDENCE,170391514,02/08/2017,548 MELDRUM ST NW,103,English Avenue,L,33.76906,-84.40534,
LARCENY-NON VEHICLE,170391645,02/08/2017,3232 PEACHTREE RD NE,208,Buckhead Forest,B,33.84413,-84.37409,
LARCENY-NON VEHICLE,170391647,02/08/2017,1342 IVERSON ST NE,608,Candler Park,N,33.76339,-84.34357,
BURGLARY-RESIDENCE,170391679,02/08/2017,3816 MELVIN DR SW;,412,Kings Forest,P,33.70785,-84.51536,
AUTO THEFT,170391695,02/08/2017,3637 PEACHTREE RD NE,210,Lenox,B,33.85325,-84.35832,
LARCENY-FROM VEHICLE,170391719,02/08/2017,3110 MAPLE DR NE,206,Buckhead Village,B,33.83992,-84.37273,
LARCENY-FROM VEHICLE,170391815,02/08/2017,1505 HOWELL MILL RD NW,207,Berkeley Park,D,33.79584,-84.41532,
LARCENY-FROM VEHICLE,170391856,02/08/2017,3740 CRANFORD DR SW,412,Cascade Green,P,33.71409,-84.50578,
AGG ASSAULT,170391895,02/08/2017,2015 CAMPBELLTON RD SW,408,Venetian Hills,S,33.70781,-84.45477,
LARCENY-NON VEHICLE,170392022,02/08/2017,3500 PEACHTREE RD NE,208,North Buckhead,B,33.85058,-84.36197,
LARCENY-NON VEHICLE,170392231,02/08/2017,1460 PEACHTREE ST NE,502,Midtown,E,33.79421,-84.38758,
LARCENY-NON VEHICLE,170392424,02/08/2017,1890 MYRTLE DR SW,410,Campbellton Road,R,33.70405,-84.45488,
AUTO THEFT,170392558,02/08/2017,836 MITCHELL ST SW,101,Atlanta University Center,T,33.75327,-84.41491,
LARCENY-FROM VEHICLE,170392598,02/08/2017,4377 ROSWELL RD NE,209,North Buckhead,B,33.87427,-84.38081,
LARCENY-FROM VEHICLE,170392608,02/08/2017,3660 CAMP CREEK PKWY SW,414,Princeton Lakes,P,33.65486,-84.50787,
LARCENY-NON VEHICLE,170392623,02/08/2017,349 DECATUR ST SE,604,Sweet Auburn,M,33.74993,-84.37706,
LARCENY-FROM VEHICLE,170392784,02/08/2017,1544 PIEDMONT AVE NE @ANSLEY MALL,213,Piedmont Heights,F,33.79789,-84.37101,
ROBBERY-PEDESTRIAN,170392848,02/08/2017,1277 BOULEVARD LORRAINE SW,409,Adams Park,R,33.72098,-84.4582,
LARCENY-FROM VEHICLE,170392851,02/08/2017,791 WYLIE ST SE,606,Reynoldstown,N,33.75205,-84.36143,
ROBBERY-PEDESTRIAN,170393003,02/08/2017,1829 CAMPBELLTON RD SW,408,Venetian Hills,S,33.71,-84.44863,
AGG ASSAULT,170390081,02/08/2017,1770 RICHMOND CIR SE,307,Lakewood Heights,Y,33.70695,-84.37414,
LARCENY-NON VEHICLE,170390095,02/08/2017,1471 HARDEE ST NE,609,Edgewood,O,33.75528,-84.33946,
ROBBERY-RESIDENCE,170390245,02/08/2017,1890 MYRTLE DR SW,410,Campbellton Road,R,33.70405,-84.45488,
BURGLARY-NONRES,170390569,02/08/2017,3400 AROUND LENOX DR NE @AROUND LENOX,210,Lenox,B,33.84578,-84.36489,
LARCENY-FROM VEHICLE,170390755,02/08/2017,1615 LOCH LOMOND TRL SW,412,,,33.71147,-84.54378,
AUTO THEFT,170390828,02/08/2017,3256 WELMINGHAM DR SW,414,Princeton Lakes,P,33.66231,-84.51858,
LARCENY-FROM VEHICLE,170390896,02/08/2017,954 DILL AVE SW,301,Capitol View,X,33.71805,-84.41938,
BURGLARY-RESIDENCE,170391009,02/08/2017,3081 MOUNT GILEAD RD SW,409,Southwest,R,33.69482,-84.49225,
AUTO THEFT,170391036,02/08/2017,2621 BEELER DR SW,309,Perkerson,X,33.6833,-84.40141,
AUTO THEFT,170391074,02/08/2017,2900 LANDRUM DR SW,409,Southwest,R,33.70623,-84.48372,
ROBBERY-RESIDENCE,170391137,02/08/2017,235 WALNUT ST NW,102,Vine City,L,33.76092,-84.40629,
LARCENY-NON VEHICLE,170391178,02/08/2017,828 RALPH MCGILL BLVD NE,602,Poncey-Highland,N,33.76826,-84.36043,
LARCENY-NON VEHICLE,170391205,02/08/2017,275 PRYOR ST SW,512,Downtown,M,33.74747,-84.39415,
BURGLARY-RESIDENCE,170391417,02/08/2017,1380 SUMMER LANE DR SE,607,Custer/McDonough/Guice,W,33.71565,-84.35148,
LARCENY-NON VEHICLE,170391419,02/08/2017,950 W PEACHTREE ST NW @PUBLIX - W PEACHTREE,503,Midtown,E,33.78014,-84.38747,
LARCENY-NON VEHICLE,170391428,02/08/2017,99 UNIVERSITY AVE SW,304,Peoplestown,V,33.72181,-84.39107,
LARCENY-FROM VEHICLE,170391446,02/08/2017,81 E WESLEY RD NE,206,Peachtree Heights East,B,33.82836,-84.38475,
LARCENY-FROM VEHICLE,170391470,02/08/2017,2525 PIEDMONT RD NE,211,Lindbergh/Morosgo,B,33.824,-84.36521,
AGG ASSAULT,170380247,02/07/2017,I-20 EAST / MCDANIEL ST ,303,Mechanicsville,V,33.7426,-84.40352,
ROBBERY-PEDESTRIAN,170380375,02/07/2017,85 MOUNT ZION RD SW @HIGHBURY COURT APTS,312,Glenrose Heights,Z,33.67434,-84.39133,
BURGLARY-RESIDENCE,170380378,02/07/2017,201 MOURY AVE SW,305,The Villages at Carver,Y,33.71691,-84.39276,
LARCENY-FROM VEHICLE,170380603,02/07/2017,1212 JAMES JACKSON PKWY NW,113,Monroe Heights,G,33.79333,-84.47416,
LARCENY-FROM VEHICLE,170380701,02/07/2017,755 NORTH AVE NE,602,Poncey-Highland,N,33.77104,-84.36209,
AUTO THEFT,170380719,02/07/2017,1063 WESTMOOR DR NW,105,Washington Park,K,33.75974,-84.42275,
LARCENY-FROM VEHICLE,170380862,02/07/2017,2423 MARTIN L KING JR DR NW   ,108,Florida Heights,I,33.75183,-84.46623,
BURGLARY-RESIDENCE,170380911,02/07/2017,4064 BLANTON AVE SW,413,Fairburn,P,33.69062,-84.52147,
AUTO THEFT,170381091,02/07/2017,751 PIEDMONT AVE NE,505,Midtown,E,33.77515,-84.38141,
LARCENY-FROM VEHICLE,170381102,02/07/2017,1175 REUNION PL SW,412,Midwest Cascade,Q,33.7232,-84.52696,
RAPE,170381111,02/07/2017,62 HARWELL RD NW,111,,I,33.7538,-84.493,
LARCENY-NON VEHICLE,170381132,02/07/2017,650 PONCE DE LEON AVE NE @HOME DEPOT - PONCE,506,Midtown,E,33.77469,-84.36561,
ROBBERY-PEDESTRIAN,170381170,02/07/2017,1220 GUN CLUB RD NW,110,Almond Park,G,33.78793,-84.45845,
BURGLARY-RESIDENCE,170381234,02/07/2017,626 CHARLOTTE PL NW,107,Grove Park,J,33.77203,-84.45072,
BURGLARY-RESIDENCE,170381261,02/07/2017,695 WINDSOR ST SW,303,Mechanicsville,V,33.73592,-84.39855,
LARCENY-FROM VEHICLE,170381341,02/07/2017,1150 ASTOR AVE SW,306,Sylvan Hills,X,33.70137,-84.42678,
BURGLARY-NONRES,170381411,02/07/2017,386 MCDONOUGH BLVD SE,305,Chosewood Park,Y,33.71521,-84.3752,
BURGLARY-RESIDENCE,170381441,02/07/2017,2027 KIMBERLY RD SW,412,Ben Hill Terrace,P,33.699,-84.52413,
LARCENY-NON VEHICLE,170381453,02/07/2017,3711 NEWHALEM ST SW,412,,,33.71921,-84.50863,
LARCENY-FROM VEHICLE,170381489,02/07/2017,276 OXFORD PL NE,608,Lake Claire,N,33.76159,-84.32309,
LARCENY-NON VEHICLE,170381556,02/07/2017,I-285 SB EXPY SW / ARTHUR LANGFORD EB PKWY SW,413,,P,33.69012,-84.5002,
AUTO THEFT,170381634,02/07/2017,555 ATLANTA AVE SE,605,Grant Park,W,33.72992,-84.36916,
LARCENY-FROM VEHICLE,170381636,02/07/2017,84 12TH ST NE,503,Midtown,E,33.78464,-84.38494,
LARCENY-FROM VEHICLE,170381644,02/07/2017,3020 DELMAR LN NW,111,,I,33.75527,-84.48577,
LARCENY-NON VEHICLE,170381652,02/07/2017,2905 CAMPBELLTON RD SW,409,Southwest,R,33.69875,-84.48256,
LARCENY-NON VEHICLE,170381666,02/07/2017,230 CLEVELAND AVE SW @CLEVELAND AVE BOOTH,311,Glenrose Heights,Z,33.68012,-84.39573,
LARCENY-NON VEHICLE,170381715,02/07/2017,255 OTTLEY DR NE,212,,E,33.81081,-84.37843,
AUTO THEFT,170381787,02/07/2017,404 RAWSON ST,303,Capitol Gateway,V,33.74447,-84.386,
BURGLARY-RESIDENCE,170381876,02/07/2017,2909 CAMPBELLTON RD SW,409,Southwest,R,33.69869,-84.48265,
LARCENY-FROM VEHICLE,170381949,02/07/2017,252 AUBURN AVE NE,510,Downtown,M,33.75562,-84.37933,
LARCENY-FROM VEHICLE,170382020,02/07/2017,3565 PIEDMONT RD NE @PIEDMONT CENTER,208,North Buckhead,B,33.85394,-84.37812,
AUTO THEFT,170382032,02/07/2017,980 HOLLYWOOD RD NW,109,Grove Park,J,33.78164,-84.45638,
AUTO THEFT,170382035,02/07/2017,387 JOSEPH E LOWERY BLVD SW,104,Harris Chiles,T,33.74496,-84.41777,
AGG ASSAULT,170382043,02/07/2017,1388 JOSEPH BOONE BLVD,103,Hunter Hills,K,33.7633,-84.43337,
LARCENY-NON VEHICLE,170382084,02/07/2017,2135 HOLLYWOOD DR NW,110,Almond Park,G,33.78279,-84.45786,
LARCENY-NON VEHICLE,170382085,02/07/2017,2323 CHESHIRE BRIDGE RD NE,212,Lindridge/Martin Manor,F,33.81869,-84.35143,
AUTO THEFT,170382099,02/07/2017,490 WHITEHALL ST SW,507,Castleberry Hill,M,33.74348,-84.40341,
LARCENY-NON VEHICLE,170382146,02/07/2017,850 NORTHSIDE DR NW,504,Marietta Street Artery,E,33.77807,-84.40773,
AUTO THEFT,170382150,02/07/2017,2324 DONALD LEE HOLLOWELL PKWY NW,109,Center Hill,J,33.77631,-84.46126,
LARCENY-NON VEHICLE,170382169,02/07/2017,595 RALPH D ABERNATHY BLVD SW,303,Pittsburgh,V,33.73796,-84.40707,
ROBBERY-RESIDENCE,170382177,02/07/2017,112 COURTLAND ST NE,510,Downtown,M,33.7574,-84.38475,
BURGLARY-RESIDENCE,170382191,02/07/2017,181 CHAPPELL RD NW,105,Hunter Hills,K,33.76005,-84.4333,
LARCENY-FROM VEHICLE,170382280,02/07/2017,1587 HOWELL MILL RD NW,207,Berkeley Park,D,33.79835,-84.41575,
LARCENY-NON VEHICLE,170382340,02/07/2017,1700 MONROE DR NE @KROGER - MONROE,213,Piedmont Heights,F,33.80052,-84.37307,
LARCENY-FROM VEHICLE,170382346,02/07/2017,3261 PEACHTREE RD NE,208,Peachtree Park,B,33.84347,-84.36951,
LARCENY-NON VEHICLE,170382391,02/07/2017,1275 CAROLINE ST NE @TARGET - CAROLINE,609,Edgewood,O,33.75674,-84.34619,
AUTO THEFT,170382410,02/07/2017,710 PEACHTREE ST NE @HOWELL HOUSE,505,Midtown,E,33.77407,-84.38526,
AUTO THEFT,170382456,02/07/2017,725 LAWTON ST SW,402,West End,T,33.7352,-84.42363,
LARCENY-FROM VEHICLE,170382535,02/07/2017,1093 WEST AVE SW,302,Pittsburgh,V,33.72493,-84.39633,
BURGLARY-RESIDENCE,170382623,02/07/2017,2323 PIEDMONT RD NE,211,Lindbergh/Morosgo,B,33.81828,-84.36696,
BURGLARY-RESIDENCE,170382711,02/07/2017,1770 RICHMOND CIR SE,307,Lakewood Heights,Y,33.70695,-84.37414,
LARCENY-FROM VEHICLE,170382736,02/07/2017,1468 MECASLIN ST NW,207,Loring Heights,E,33.79497,-84.40021,
LARCENY-FROM VEHICLE,170382741,02/07/2017,2841 GREENBRIAR PKWY SW @JP ALLEN GREENBRIAR,411,Greenbriar,R,33.68677,-84.49773,
LARCENY-NON VEHICLE,170382778,02/07/2017,1801 HOWELL MILL RD NW,204,Berkeley Park,D,33.80388,-84.41278,
LARCENY-FROM VEHICLE,170382783,02/07/2017,1845 PIEDMONT AVE NE,213,Morningside/Lenox Park,F,33.80622,-84.36626,
BURGLARY-RESIDENCE,170382793,02/07/2017,2323 PIEDMONT RD NE,211,Lindbergh/Morosgo,B,33.81828,-84.36696,
LARCENY-FROM VEHICLE,170382806,02/07/2017,929 CHARLES ALLEN DR NE @APS GRADY HS,506,Midtown,E,33.78119,-84.37151,
LARCENY-FROM VEHICLE,170382813,02/07/2017,1700 NORTHSIDE DR NW,207,Berkeley Park,D,33.80077,-84.40869,
ROBBERY-PEDESTRIAN,170382822,02/07/2017,1624 VAN EPPS ST SE,612,East Atlanta,W,33.73726,-84.33469,
LARCENY-FROM VEHICLE,170382917,02/07/2017,2260 CAMPBELLTON RD SW,410,Campbellton Road,R,33.70459,-84.46212,
AUTO THEFT,170383068,02/07/2017,840 MCDONOUGH BLVD SE,607,Custer/McDonough/Guice,W,33.70874,-84.35887,
LARCENY-FROM VEHICLE,170371530,02/06/2017,2881 PEACHTREE RD NE,206,Garden Hills,B,33.83342,-84.38329,
BURGLARY-RESIDENCE,170371538,02/06/2017,2905 DALE CREEK DR NW,112,Collier Heights,I,33.76786,-84.47901,
AGG ASSAULT,170371618,02/06/2017,2980 JONESBORO RD SE,313,South River Gardens,Z,33.67339,-84.37144,
LARCENY-NON VEHICLE,170371629,02/06/2017,3500 PEACHTREE RD NE,208,North Buckhead,B,33.85248,-84.36058,
AGG ASSAULT,170371631,02/06/2017,2640 MARTIN L KING JR DR SW,405,Harland Terrace,I,33.75381,-84.47425,
ROBBERY-PEDESTRIAN,170371653,02/06/2017,2929 LANDRUM DR SW,409,Southwest,R,33.70623,-84.48388,
LARCENY-FROM VEHICLE,170371668,02/06/2017,1961 WOODLAND HILLS AVE NW,204,Underwood Hills,D,33.80869,-84.41861,
AGG ASSAULT,170371682,02/06/2017,930 HALL ST NW,109,Almond Park,G,33.78054,-84.46593,
BURGLARY-RESIDENCE,170371742,02/06/2017,164 ROCKY FORD RD NE,610,Kirkwood,O,33.75185,-84.31647,
LARCENY-NON VEHICLE,170371796,02/06/2017,1275 CAROLINE ST NE @TARGET - CAROLINE,609,Edgewood,O,33.75674,-84.34619,
LARCENY-FROM VEHICLE,170372019,02/06/2017,CLEBURNE TER NE / BLUE RIDGE AVE NE,602,Poncey-Highland,N,33.77244,-84.35349,
LARCENY-NON VEHICLE,170372054,02/06/2017,650 PONCE DE LEON AVE NE @HOMEDEPOT,506,Midtown,E,33.77469,-84.36561,
LARCENY-FROM VEHICLE,170372058,02/06/2017,231 PETERS ST SW,507,Castleberry Hill,M,33.74844,-84.40102,
BURGLARY-RESIDENCE,170372126,02/06/2017,1572 HARDEE ST NE,609,Edgewood,O,33.75546,-84.33644,
AUTO THEFT,170372184,02/06/2017,1038 WASHINGTON ST SW,304,Peoplestown,V,33.72669,-84.39088,
LARCENY-FROM VEHICLE,170372188,02/06/2017,1005 HEMPHILL AVE NW,501,Home Park,E,33.7822,-84.40438,
LARCENY-NON VEHICLE,170372189,02/06/2017,3050 MARTIN L KING JR DR SW,405,Harland Terrace,I,33.75177,-84.4857,
LARCENY-FROM VEHICLE,170372208,02/06/2017,100 10TH ST NW,503,Midtown,E,33.78095,-84.39033,
LARCENY-FROM VEHICLE,170372252,02/06/2017,886 MARTIN L KING JR DR SW,101,Atlanta University Center,T,33.75456,-84.41663,
LARCENY-FROM VEHICLE,170372283,02/06/2017,1732 PRYOR RD SW,307,Betmar LaVilla,Y,33.70712,-84.39502,
ROBBERY-PEDESTRIAN,170372289,02/06/2017,82 ELECTRIC AVE NW,102,Vine City,L,33.75684,-84.40445,
AUTO THEFT,170372312,02/06/2017,3450 FORREST PARK RD SE,313,South River Gardens,Z,33.66061,-84.35549,
LARCENY-FROM VEHICLE,170372351,02/06/2017,3655 ROSWELL RD NE;,209,North Buckhead,B,33.85547,-84.38135,
LARCENY-NON VEHICLE,170372393,02/06/2017,3393 PEACHTREE RD NE @LENOX MALL,210,Lenox,B,33.84676,-84.36212,
LARCENY-FROM VEHICLE,170372417,02/06/2017,3424 PIEDMONT RD,208,Buckhead Forest,B,33.84815,-84.37419,
LARCENY-NON VEHICLE,170372485,02/06/2017,1801 HOWELL MILL RD NW,204,Berkeley Park,D,33.80388,-84.41278,
LARCENY-NON VEHICLE,170372491,02/06/2017,655 CLEVELAND AVE SW,309,Perkerson,X,33.68138,-84.41055,
LARCENY-FROM VEHICLE,170372650,02/06/2017,1812 PEACHTREE ST NW,207,Ardmore,E,33.80426,-84.39375,
RAPE,170362439,02/06/2017,652 HUGH ST,301,Adair Park,V,33.73345,-84.40914,
LARCENY-NON VEHICLE,170370030,02/06/2017,138 EDGEWOOD AVE NE,510,Downtown,M,33.75465,-84.38368,
AGG ASSAULT,170370115,02/06/2017,111 SCOTT ST NW,105,Hunter Hills,K,33.7584,-84.43221,
BURGLARY-RESIDENCE,170370116,02/06/2017,741 MOROSGO DR NE,211,Lindbergh/Morosgo,B,33.82266,-84.3643,
BURGLARY-RESIDENCE,170370146,02/06/2017,855 PEACHTREE ST NE,505,Midtown,E,33.778,-84.38424,
BURGLARY-RESIDENCE,170370153,02/06/2017,1331 W WESLEY RD NW,201,Margaret Mitchell,A,33.83081,-84.43085,
AGG ASSAULT,170370171,02/06/2017,2640 CAMPBELLTON RD SW,410,Campbellton Road,R,33.70252,-84.47475,
RAPE,170370228,02/06/2017,660 CASCADE AVE,402,West End,T,33.73734,-84.43554,
ROBBERY-PEDESTRIAN,170370315,02/06/2017,2 LINKWOOD RD NW,111,Harland Terrace,I,33.75447,-84.48193,
LARCENY-FROM VEHICLE,170370352,02/06/2017,3003 MORNINGTON DR NW,205,Castlewood,C,33.83687,-84.40956,
LARCENY-FROM VEHICLE,170370384,02/06/2017,2  DANIEL ST SE,604,Old Fourth Ward,M,33.7541,-84.37111,
AGG ASSAULT,170370427,02/06/2017,961 DESOTO ST NW,105,Washington Park,K,33.75799,-84.41986,
LARCENY-NON VEHICLE,170370443,02/06/2017,7209 IVY CHASE WAY NE,209,North Buckhead,B,33.85633,-84.38172,
LARCENY-FROM VEHICLE,170370453,02/06/2017,2997 CAMPBELLTON RD SW,409,Southwest,R,33.69596,-84.48623,
BURGLARY-NONRES,170370552,02/06/2017,601 MCDONOUGH BOULEVARD SE,305,Chosewood Park,Y,33.71244,-84.36793,
RAPE,170370580,02/06/2017,369 MCDANIEL ST,101,The Villages at Castleberry H,T,33.74446,-84.40784,
LARCENY-FROM VEHICLE,170370600,02/06/2017,115 THIRKELD AVE SE,305,South Atlanta,Y,33.71463,-84.38439,
LARCENY-NON VEHICLE,170370676,02/06/2017,1296 FAIR ST SW,104,Mozley Park,K,33.74922,-84.43002,
BURGLARY-RESIDENCE,170370681,02/06/2017,848 CANTERBURY OVERLOOK NE,210,Pine Hills,B,33.82929,-84.35842,
LARCENY-NON VEHICLE,170370687,02/06/2017,1416 HILLS PL NW,204,Underwood Hills,D,33.81169,-84.43414,
BURGLARY-RESIDENCE,170370691,02/06/2017,1935 GREYSTONE RD NW,205,Collier Hills,C,33.80792,-84.40419,
LARCENY-FROM VEHICLE,170370720,02/06/2017,140 PARK AVE SE,305,South Atlanta,Y,33.71171,-84.38761,
LARCENY-NON VEHICLE,170370753,02/06/2017,556 NORTHSIDE DR SW,303,Pittsburgh,V,33.74007,-84.40778,
LARCENY-FROM VEHICLE,170370759,02/06/2017,1783 JOHNSON RD NW,110,Rockdale,G,33.78547,-84.44593,
AUTO THEFT,170370838,02/06/2017,349 DECATUR ST SE,604,Sweet Auburn,M,33.74988,-84.37788,
LARCENY-NON VEHICLE,170370940,02/06/2017,2685 METROPOLITAN PKWY. SW,309,Perkerson,X,33.68274,-84.40902,
LARCENY-FROM VEHICLE,170370960,02/06/2017,491 FLAT SHOALS AVE SE,612,East Atlanta,W,33.74053,-84.3462,
BURGLARY-RESIDENCE,170370982,02/06/2017,2788 DEFOORS FERRY RD NW,201,,C,33.82114,-84.44713,
LARCENY-FROM VEHICLE,170370996,02/06/2017,2761 OLDKNOW DR NW,112,Collier Heights,I,33.77209,-84.47799,
LARCENY-FROM VEHICLE,170371011,02/06/2017,1559 WOODLAND AVE SE,607,Custer/McDonough/Guice,W,33.71169,-84.35331,
LARCENY-NON VEHICLE,170371021,02/06/2017,210 PEACHTREE ST NW @Multiple,508,Downtown,M,33.75943,-84.38837,
BURGLARY-RESIDENCE,170371028,02/06/2017,350 LYNHURST DR SW,406,Ivan Hill,I,33.7464,-84.4888,
LARCENY-FROM VEHICLE,170371102,02/06/2017,1358 GLENWOOD AVE SE,612,East Atlanta,W,33.74039,-84.34318,
LARCENY-NON VEHICLE,170371195,02/06/2017,1275 CAROLINE ST NE @TARGET - CAROLINE,609,Edgewood,O,33.75674,-84.34619,
AUTO THEFT,170371198,02/06/2017,514 PARKWAY DR NE,603,Old Fourth Ward,M,33.76838,-84.37344,
LARCENY-FROM VEHICLE,170371253,02/06/2017,1968 PEACHTREE RD NW ,207,,E,33.80881,-84.3951,
LARCENY-FROM VEHICLE,170371261,02/06/2017,548 NORTHSIDE DR SW,303,Pittsburgh,V,33.74048,-84.40806,
LARCENY-NON VEHICLE,170371276,02/06/2017,3901 CAMPBELLTON RD SW,412,Kings Forest,P,33.69231,-84.51621,
AGG ASSAULT,170371287,02/06/2017,1994 BENT CREEK WAY SW,410,Campbellton Road,R,33.7005,-84.46574,
BURGLARY-NONRES,170371301,02/06/2017,1085 LINDBERGH DR NE @VARSITY JR,212,Lindridge/Martin Manor,F,33.81842,-84.35253,
LARCENY-FROM VEHICLE,170371327,02/06/2017,632 FORMWALT ST,303,Mechanicsville,V,33.73686,-84.39583,
LARCENY-FROM VEHICLE,170371337,02/06/2017,765 COLEMAN ST SW,302,Pittsburgh,V,33.73406,-84.40403,
LARCENY-FROM VEHICLE,170340960,02/06/2017,3423 PIEDMONT RD NE,208,North Buckhead,B,33.84865,-84.37337,
AUTO THEFT,170350004,02/05/2017,30 SPRING ST NW,507,Downtown,M,33.75585,-84.39367,
ROBBERY-PEDESTRIAN,170360037,02/05/2017,1273 METROPOLITAN AVE SE,612,East Atlanta,W,33.74192,-84.34574,
LARCENY-FROM VEHICLE,170360058,02/05/2017,360 MARIETTA ST NW,507,Downtown,M,33.76269,-84.39702,
BURGLARY-NONRES,170360211,02/05/2017,2636 MARTIN L KING JR DR SW,405,Harland Terrace,I,33.75379,-84.47417,
AUTO THEFT,170360263,02/05/2017,239 PONCE DE LEON AVE NE,505,Old Fourth Ward,M,33.77255,-84.3777,
LARCENY-NON VEHICLE,170360282,02/05/2017,1185 OAKLAND,403,Oakland City,S,33.71957,-84.42471,
ROBBERY-PEDESTRIAN,170360306,02/05/2017,910 BOOKER WASHINGTON DR,102,Vine City,L,33.759,-84.41708,
ROBBERY-PEDESTRIAN,170360350,02/05/2017,1176 SELLS AVE SW,104,West End,T,33.745,-84.42612,
LARCENY-FROM VEHICLE,170360393,02/05/2017,2002 CAMPBELLTON RD SW,410,Campbellton Road,R,33.70727,-84.45506,
AGG ASSAULT,170360413,02/05/2017,254 PEACHTREE ST,512,Downtown,M,33.74729,-84.39543,
LARCENY-FROM VEHICLE,170360420,02/05/2017,1829 CAMPBELLTON RD SW,408,Venetian Hills,S,33.71,-84.44863,
LARCENY-FROM VEHICLE,170360515,02/05/2017,2608 METROPOLITAN PKWY SW,309,Perkerson,X,33.68379,-84.40722,
AUTO THEFT,170360570,02/05/2017,1104 CRESCENT AVE NE,503,Midtown,E,33.78485,-84.38453,
LARCENY-FROM VEHICLE,170360580,02/05/2017,190 BRADBERRY ST SW,507,Castleberry Hill,M,33.74919,-84.40024,
BURGLARY-RESIDENCE,170360616,02/05/2017,2591 ETHERIDGE DR NW,113,Carey Park,G,33.7881,-84.47292,
LARCENY-FROM VEHICLE,170360662,02/05/2017,555 WHITEHALL ST SW,303,Mechanicsville,V,33.74297,-84.40628,
LARCENY-NON VEHICLE,170360765,02/05/2017,165 COURTLAND ST NE @SHERATON ATLANTA,510,Downtown,M,33.75895,-84.3834,
AUTO THEFT,170360794,02/05/2017,2907 3RD AVE SW,311,Hammond Park,X,33.67626,-84.40562,
LARCENY-FROM VEHICLE,170360820,02/05/2017,1340 HEATHERLAND DR SW,412,,,33.71874,-84.53708,
AUTO THEFT,170360841,02/05/2017,1024 LEAH LN SE,612,East Atlanta,W,33.72841,-84.32912,
LARCENY-NON VEHICLE,170360908,02/05/2017,375 18TH ST NW @TARGET - 18TH,501,Atlantic Station,E,33.79303,-84.39921,
LARCENY-FROM VEHICLE,170360924,02/05/2017,883 AMSTERDAM AVE NE,601,Virginia Highland,F,33.78735,-84.35828,
BURGLARY-RESIDENCE,170360980,02/05/2017,1143 E CONFEDERATE AVE SE,607,Woodland Hills,W,33.72418,-84.35045,
LARCENY-NON VEHICLE,170361063,02/05/2017,329 HOLDERNESS ST SW,104,West End,T,33.74608,-84.42727,
LARCENY-FROM VEHICLE,170361094,02/05/2017,201 MOURY AVE SW,305,The Villages at Carver,Y,33.71691,-84.39276,
LARCENY-FROM VEHICLE,170361109,02/05/2017,609 VIRGINIA AVE NE @TROLLEY SQUARE,601,Virginia Highland,F,33.7813,-84.36584,
LARCENY-FROM VEHICLE,170361112,02/05/2017,2980 JONESBORO RD SE,313,South River Gardens,Z,33.67339,-84.37144,
LARCENY-FROM VEHICLE,170361174,02/05/2017,1901 METROPOLITAN PKWY SW,306,Sylvan Hills,X,33.70228,-84.40817,
LARCENY-FROM VEHICLE,170361177,02/05/2017,1294 BOULEVARD LORRAINE SW,409,Adams Park,R,33.72036,-84.45753,
LARCENY-FROM VEHICLE,170361242,02/05/2017,1302 RALPH D ABERNATHY BLVD SW,402,West End,T,33.73858,-84.43033,
LARCENY-NON VEHICLE,170361252,02/05/2017,594 WIMBLEDON RD NE,212,Piedmont Heights,F,33.80656,-84.36741,
LARCENY-NON VEHICLE,170361266,02/05/2017,1015 GILBERT ST SE,607,Ormewood Park,W,33.72684,-84.3511,
LARCENY-FROM VEHICLE,170361311,02/05/2017,3344 PEACHTREE RD NE,208,North Buckhead,B,33.84652,-84.36834,
LARCENY-NON VEHICLE,170361450,02/05/2017,800 CHEROKEE AVE SE @ZOO,605,Grant Park,W,33.73267,-84.37352,
LARCENY-FROM VEHICLE,170361527,02/05/2017,732 9TH ST NW ,501,Home Park,E,33.78053,-84.41097,
ROBBERY-RESIDENCE,170361551,02/05/2017,2980 JONESBORO RD SE,313,South River Gardens,Z,33.67386,-84.37063,
LARCENY-NON VEHICLE,170361571,02/05/2017,3500 PEACHTREE RD NE @PHIPPS PLAZA,208,North Buckhead,B,33.85302,-84.36278,
LARCENY-NON VEHICLE,170361572,02/05/2017,272 MILLEDGE AVE SE,605,Grant Park,W,33.73915,-84.37877,
LARCENY-FROM VEHICLE,170361741,02/05/2017,178 MOURY AVE SW,305,The Villages at Carver,Y,33.71347,-84.39079,
LARCENY-FROM VEHICLE,170361767,02/05/2017,3830 PRINCETON LAKES CT SW,414,Princeton Lakes,P,33.65666,-84.51318,
LARCENY-FROM VEHICLE,170361777,02/05/2017,2399 PARKLAND DR NE,211,Lindbergh/Morosgo,B,33.81948,-84.36425,
LARCENY-FROM VEHICLE,170361891,02/05/2017,3660 CAMP CREEK PKWY SW,414,Princeton Lakes,P,33.65486,-84.50787,
LARCENY-FROM VEHICLE,170361900,02/05/2017,14TH ST NW / STATE ST NW,501,Home Park,E,33.78627,-84.39817,
RAPE,170361930,02/05/2017,1723 LAKEWOOD AVE SE,307,Lakewood Heights,Y,33.70404,-84.38053,
LARCENY-FROM VEHICLE,170361984,02/05/2017,571 FORMWALT ST SW,303,Mechanicsville,V,33.73917,-84.39612,
LARCENY-FROM VEHICLE,170361997,02/05/2017,2175 METROPOLITAN PKWY SW,309,Perkerson,X,33.69418,-84.40848,
LARCENY-FROM VEHICLE,170362041,02/05/2017,1983 HOWELL MILL RD NW,205,Channing Valley,C,33.80884,-84.41276,
LARCENY-NON VEHICLE,170362057,02/05/2017,777 PONCE DE LEON AVE NE,603,Poncey-Highland,N,33.77361,-84.36187,
LARCENY-NON VEHICLE,170362081,02/05/2017,23 LINDEN AVE NW,509,Downtown,M,33.7701,-84.3882,
LARCENY-FROM VEHICLE,170362189,02/05/2017,492 LARKIN ST SW,507,Castleberry Hill,M,33.7476,-84.4037,
LARCENY-FROM VEHICLE,170362190,02/05/2017,1093 WEST AVE SW,302,Pittsburgh,V,33.72493,-84.39633,
LARCENY-FROM VEHICLE,170362193,02/05/2017,555 WHITEHALL ST SW,303,Mechanicsville,V,33.74297,-84.40628,
LARCENY-FROM VEHICLE,170362212,02/05/2017,MEMORIAL DR SE / HARDEN ST SE,605,Grant Park,W,33.74656,-84.37679,
LARCENY-FROM VEHICLE,170362219,02/05/2017,626 SOMERSET TER NE,602,Poncey-Highland,N,33.7715,-84.36282,
LARCENY-FROM VEHICLE,170362227,02/05/2017,999 BRADY AVE NW,501,Home Park,E,33.7817,-84.41338,
AUTO THEFT,170362229,02/05/2017,1048 HIGH POINT TER SW,305,High Point,Y,33.71714,-84.39412,
AGG ASSAULT,170362241,02/05/2017,77 12TH ST NE,503,Midtown,E,33.78446,-84.38515,
BURGLARY-RESIDENCE,170362262,02/05/2017,2565 CASCADE RD SW,406,Cascade Heights,I,33.72045,-84.47208,
AGG ASSAULT,170362265,02/05/2017,104 DAHLIA AVE NW,108,Dixie Hills,J,33.75576,-84.46246,
AGG ASSAULT,170362297,02/05/2017,370 NORTHSIDE DR NW,103,English Avenue,L,33.76507,-84.4042,
LARCENY-FROM VEHICLE,170362395,02/05/2017,300 CAIN ST NE ,604,Sweet Auburn,M,33.75953,-84.37431,
AUTO THEFT,170362432,02/05/2017,2544 PEYTON WOODS TRL SW,406,Peyton Forest,I,33.74247,-84.47122,
LARCENY-NON VEHICLE,170352512,02/05/2017,2166 PEACHTREE RD,207,,C,33.81349,-84.39275,
LARCENY-NON VEHICLE,170352564,02/04/2017,3393 PEACHTREE RD NE @LENOX MALL,210,Lenox,B,33.84676,-84.36212,
AGG ASSAULT,170352583,02/04/2017,278 HOLTZCLAW ST SE,606,Reynoldstown,N,33.74671,-84.35665,
LARCENY-NON VEHICLE,170352585,02/04/2017,532 CLEVELAND AVE SW,311,Hammond Park,X,33.68116,-84.4059,
LARCENY-FROM VEHICLE,170352808,02/04/2017,2397 DUPREE AVE NW,109,Center Hill,J,33.77921,-84.46532,
BURGLARY-RESIDENCE,170351419,02/04/2017,98 CURRIER ST NE,509,Downtown,M,33.76575,-84.38428,
LARCENY-FROM VEHICLE,170351424,02/04/2017,475 HAROLD AVE NE,608,Lake Claire,N,33.76687,-84.33052,
LARCENY-FROM VEHICLE,170351483,02/04/2017,178 MOURY AVE SW,305,The Villages at Carver,Y,33.71347,-84.39079,
LARCENY-NON VEHICLE,170351540,02/04/2017,1544 PIEDMONT AVE NE,213,Piedmont Heights,F,33.79668,-84.36951,
LARCENY-FROM VEHICLE,170351543,02/04/2017,1715 HOWELL MILL RD NW @KROGER - HOWELL MILL,204,Berkeley Park,D,33.80089,-84.4157,
LARCENY-NON VEHICLE,170351566,02/04/2017,3232 PIEDMONT RD NE,208,Buckhead Forest,B,33.84445,-84.37188,
LARCENY-FROM VEHICLE,170351627,02/04/2017,2365 PEACHTREE RD NE @PUBLIX - PEACH BAT,211,Peachtree Hills,B,33.82002,-84.38776,
ROBBERY-PEDESTRIAN,170351669,02/04/2017,3180 ROSWELL RD NW,206,South Tuxedo Park,B,33.84193,-84.37974,
BURGLARY-RESIDENCE,170351677,02/04/2017,624 FLAMINGO DR SW,406,Audobon Forest,I,33.73782,-84.47179,
LARCENY-NON VEHICLE,170351708,02/04/2017,2100 CAMPBELLTON RD SW,410,Campbellton Road,R,33.70643,-84.4569,
BURGLARY-NONRES,170351717,02/04/2017,1085 LINDBERGH DR NE,212,Lindridge/Martin Manor,F,33.81842,-84.35253,
LARCENY-FROM VEHICLE,170351843,02/04/2017,725 ALINE DR NW,112,Collier Heights,I,33.77518,-84.48878,
LARCENY-NON VEHICLE,170351896,02/04/2017,3393 PEACHTREE RD NE @LENOX MALL,210,Lenox,B,33.84676,-84.36212,
LARCENY-NON VEHICLE,170351994,02/04/2017,748 LAVERNE DR NW,112,Collier Heights,I,33.77549,-84.48813,
LARCENY-FROM VEHICLE,170352006,02/04/2017,3830 PRINCETON LAKES CT SW,414,Princeton Lakes,P,33.65666,-84.51318,
BURGLARY-RESIDENCE,170352104,02/04/2017,999 CAMILLA ST SW,104,Ashview Heights,T,33.75058,-84.42041,
LARCENY-FROM VEHICLE,170352125,02/04/2017,811 SPRINGDALE PL SW,309,Perkerson,X,33.69291,-84.41524,
AGG ASSAULT,170352221,02/04/2017,3608 OAKSHIRE WAY SE,313,South River Gardens,Z,33.65853,-84.35054,
LARCENY-FROM VEHICLE,170352233,02/04/2017,2440 BARGE RD SW,413,,P,33.68845,-84.50578,
LARCENY-NON VEHICLE,170352267,02/04/2017,1119 CENTER ST NW,501,Home Park,E,33.78536,-84.4027,
LARCENY-FROM VEHICLE,170352292,02/04/2017,3660 MARTIN L KING JR DR SW,407,Adamsville,H,33.76217,-84.50865,
LARCENY-FROM VEHICLE,170352302,02/04/2017,3580 CAMPBELLTON RD SW,413,,P,33.6899,-84.50584,
BURGLARY-RESIDENCE,170352315,02/04/2017,937 PARSONS ST SW,104,Ashview Heights,T,33.75126,-84.41822,
BURGLARY-RESIDENCE,170352407,02/04/2017,1691 PIPER CIR SE,612,East Atlanta,W,33.72695,-84.33245,
BURGLARY-RESIDENCE,170352440,02/04/2017,1623 MILLS ACRES DRIVE SW,409,Cascade Heights,I,33.71215,-84.47013,
AUTO THEFT,170350093,02/04/2017,1829 CAMPBELLTON RD SW @VENETIAN HILLS APTS,408,Venetian Hills,S,33.71075,-84.44765,
LARCENY-FROM VEHICLE,170350119,02/04/2017,759 POLLARD BLVD SW ,304,Summerhill,V,33.73405,-84.39127,
BURGLARY-RESIDENCE,170350283,02/04/2017,1416 FISHER RD SE,607,Custer/McDonough/Guice,W,33.71599,-84.3588,
AUTO THEFT,170350457,02/04/2017,1888 CHESHIRE BRIDGE RD NE,212,Morningside/Lenox Park,F,33.81038,-84.36122,
ROBBERY-PEDESTRIAN,170350580,02/04/2017,550 AUBURN AVE NE,604,Old Fourth Ward,M,33.7557,-84.36951,
AUTO THEFT,170350743,02/04/2017,115 OAK DR. SW,312,Glenrose Heights,Z,33.66876,-84.39226,
LARCENY-FROM VEHICLE,170350774,02/04/2017,207 PEACHTREE CENTER AVE NE,509,Downtown,M,33.7602,-84.38554,
AUTO THEFT,170350854,02/04/2017,309 MOUNT ZION RD SW,311,Hammond Park,X,33.67302,-84.3996,
LARCENY-NON VEHICLE,170350860,02/04/2017,1892 HOWELL MILL RD NW,205,Wildwood (NPU-C),C,33.80673,-84.41316,
LARCENY-NON VEHICLE,170350868,02/04/2017,375 LUCKIE ST NW,504,Downtown,M,33.76485,-84.39602,
LARCENY-FROM VEHICLE,170350878,02/04/2017,101 RAWSON ST SE,605,Capitol Gateway,V,33.74428,-84.38422,
LARCENY-NON VEHICLE,170350879,02/04/2017,864 SPRING ST NW,505,Midtown,E,33.77911,-84.38932,
AUTO THEFT,170351005,02/04/2017,931 PINEHURST TER SW,402,Oakland City,S,33.72983,-84.43159,
LARCENY-FROM VEHICLE,170351061,02/04/2017,67 CLIFTON ST SE,610,Kirkwood,O,33.75156,-84.33178,
LARCENY-NON VEHICLE,170351065,02/04/2017,210 PRYOR ST SW,512,Downtown,M,33.74886,-84.39283,
BURGLARY-RESIDENCE,170351070,02/04/2017,411 FLORIDA AVE,606,Ormewood Park,W,33.74293,-84.35076,
LARCENY-FROM VEHICLE,170351102,02/04/2017,712 CATHERINE ST SW,301,Adair Park,V,33.7257,-84.41087,
LARCENY-FROM VEHICLE,170351130,02/04/2017,226 COURTLAND ST NE,509,Downtown,M,33.76051,-84.38429,
LARCENY-FROM VEHICLE,170351218,02/04/2017,933 PEACHTREE ST NE,503,Midtown,E,33.78013,-84.38355,
AUTO THEFT,170351256,02/04/2017,2745 OLD HAPEVILLE RD SW,311,Glenrose Heights,Z,33.67992,-84.39348,
BURGLARY-RESIDENCE,170351397,02/04/2017,1056 CENTER ST NW,501,Home Park,E,33.78357,-84.40298,
ROBBERY-PEDESTRIAN,170351410,02/04/2017,3725 PRINCETON LAKES PKWY SW,414,Princeton Lakes,P,33.65908,-84.50847,
LARCENY-NON VEHICLE,170341168,02/03/2017,134 PEACHTREE STREET SW,508,East Chastain Park,B,33.85782,-84.38159,
LARCENY-FROM VEHICLE,170341193,02/03/2017,4387 CARMAIN DR NE,209,North Buckhead,B,33.871,-84.35955,
LARCENY-FROM VEHICLE,170341209,02/03/2017,99 UNIVERSITY AVE SW,304,Peoplestown,V,33.72181,-84.39107,
AUTO THEFT,170341290,02/03/2017,2012 DONALD LEE HOLLOWELL PKWY NW     ,107,Grove Park,J,33.77668,-84.45107,
LARCENY-FROM VEHICLE,170341308,02/03/2017,1000 NORTHSIDE DR NW,501,Home Park,E,33.78196,-84.40835,
BURGLARY-NONRES,170341324,02/03/2017,43 ABERDEEN ST NE,609,Edgewood,O,33.75483,-84.3444,
LARCENY-FROM VEHICLE,170341336,02/03/2017,1016 HOWELL MILL RD NW,501,Home Park,E,33.78183,-84.41244,
LARCENY-NON VEHICLE,170341356,02/03/2017,2805 METROPOLITAN PKWY SW,311,Hammond Park,X,33.67848,-84.40832,
RAPE,170341369,02/03/2017,631 HARWELL RD NW @APS USHER ES,112,Collier Heights,I,33.77247,-84.49395,
BURGLARY-RESIDENCE,170341370,02/03/2017,189 BURBANK DR SW,104,Mozley Park,K,33.74989,-84.42897,
LARCENY-NON VEHICLE,170341399,02/03/2017,2482 MARTIN L KING JR DR SW,405,Harland Terrace,I,33.75219,-84.46878,
LARCENY-FROM VEHICLE,170341506,02/03/2017,134 FORSYTH ST SW,512,Downtown,M,33.75084,-84.39481,
AGG ASSAULT,170341512,02/03/2017,2085 GRANT RD SW,412,Ben Hill Terrace,P,33.69756,-84.51976,
AGG ASSAULT,170341617,02/03/2017,2185 MARTIN L KING JR DR NW,108,Florida Heights,I,33.75237,-84.46313,
AUTO THEFT,170341639,02/03/2017,2700 DEARWOOD DR SW,311,Hammond Park,X,33.68038,-84.40484,
LARCENY-FROM VEHICLE,170341647,02/03/2017,3279 ROSWELL RD NE,208,Buckhead Forest,B,33.84482,-84.37999,
LARCENY-FROM VEHICLE,170341648,02/03/2017,1272 W PACES FERRY RD NW,202,West Paces Ferry/Northside,A,33.84862,-84.42869,
LARCENY-FROM VEHICLE,170341689,02/03/2017,1941 WESTWOOD AVE SW,404,Westwood Terrace,I,33.73914,-84.45113,
ROBBERY-PEDESTRIAN,170341700,02/03/2017,3006 DELMAR LN NW,111,,I,33.75419,-84.48542,
LARCENY-NON VEHICLE,170341778,02/03/2017,3393 PEACHTREE RD NE @Multiple,210,Lenox,B,33.84676,-84.36212,
LARCENY-NON VEHICLE,170341806,02/03/2017,1275 CAROLINE ST NE ,609,Edgewood,O,33.75674,-84.34619,
AGG ASSAULT,170341834,02/03/2017,673 RHODES ST NW,102,Vine City,L,33.75704,-84.40961,
AUTO THEFT,170341860,02/03/2017,1660 PEACHTREE ST NW,502,Midtown,E,33.79874,-84.39164,
LARCENY-FROM VEHICLE,170341865,02/03/2017,465 N HIGHLAND AVE NE,602,Inman Park,N,33.7668,-84.3528,
LARCENY-NON VEHICLE,170341919,02/03/2017,1275 CAROLINE ST NE ,609,Edgewood,O,33.75674,-84.34619,
LARCENY-NON VEHICLE,170341957,02/03/2017,3050 MARTIN L KING JR DR SW,405,Harland Terrace,I,33.75177,-84.4857,
AGG ASSAULT,170341991,02/03/2017,307 RICHARDSON ST SW,303,Mechanicsville,V,33.74084,-84.39767,
LARCENY-FROM VEHICLE,170342101,02/03/2017,3232 PEACHTREE RD NE,208,Buckhead Forest,B,33.8426,-84.37329,
LARCENY-FROM VEHICLE,170342172,02/03/2017,1783 JOHNSON RD NW,110,Rockdale,G,33.78547,-84.44593,
AGG ASSAULT,170342200,02/03/2017,2950 MARTIN LUTHER KING JR DR,405,Harland Terrace,I,33.75384,-84.48423,
LARCENY-FROM VEHICLE,170342245,02/03/2017,1210 MENLO DR NW,203,Blandtown,D,33.78744,-84.42407,
LARCENY-NON VEHICLE,170342267,02/03/2017,265 PEACHTREE CENTER AVE NE,509,Downtown,M,33.76161,-84.38592,
AGG ASSAULT,170342277,02/03/2017,1572 HARDEE ST NE,609,Edgewood,O,33.75546,-84.33644,
LARCENY-FROM VEHICLE,170342305,02/03/2017,567 OAKDALE RD NE,608,Candler Park,N,33.76459,-84.33423,
LARCENY-FROM VEHICLE,170342316,02/03/2017,1093 HEMPHILL AVE NW,501,Home Park,E,33.78466,-84.40561,
AGG ASSAULT,170342326,02/03/2017,1160 EUCLID AVE NE,602,Inman Park,N,33.76543,-84.34965,
LARCENY-NON VEHICLE,170342466,02/03/2017,3393 PEACHTREE RD NE @LENOX MALL,210,Lenox,B,33.84676,-84.36212,
LARCENY-NON VEHICLE,170342513,02/03/2017,2115 PIEDMONT RD NE ,212,Morningside/Lenox Park,F,33.81235,-84.36578,
BURGLARY-RESIDENCE,170342594,02/03/2017,1630 LAURELWOOD DR SW,409,Adams Park,R,33.7102,-84.46684,
AGG ASSAULT,170342675,02/03/2017,301 JOSEPH E LOWERY BLVD NW,102,Vine City,L,33.763,-84.41736,
LARCENY-FROM VEHICLE,170342688,02/03/2017,110 MARIETTA ST NW,511,Downtown,M,33.75674,-84.39257,
LARCENY-FROM VEHICLE,170342779,02/03/2017,870 INMAN VILLAGE PKWY NE,602,Inman Park,N,33.76116,-84.36047,
LARCENY-FROM VEHICLE,170342781,02/03/2017,339 14TH ST NW,501,Home Park,E,33.78619,-84.39874,
LARCENY-FROM VEHICLE,170342820,02/03/2017,2441 PIEDMONT RD NE,211,Lindbergh/Morosgo,B,33.8219,-84.3673,
ROBBERY-COMMERCIAL,170342831,02/03/2017,448 MORELAND AVE NE,602,Inman Park,N,33.76654,-84.34916,
ROBBERY-PEDESTRIAN,170342881,02/03/2017,21 14TH ST NE,503,Midtown,E,33.7863,-84.38715,
AUTO THEFT,170342912,02/03/2017,840 MCDONOUGH BLVD SE,607,Custer/McDonough/Guice,W,33.70874,-84.35887,
LARCENY-FROM VEHICLE,170342941,02/03/2017,1717 WILLMA DR NW,110,West Highlands,G,33.79251,-84.44719,
LARCENY-FROM VEHICLE,170342948,02/03/2017,812 LULLWATER RD NE,608,Druid Hills,N,33.77675,-84.33603,
LARCENY-FROM VEHICLE,170342963,02/03/2017,1045 LANIER BLVD NE,601,Virginia Highland,F,33.78333,-84.35286,
LARCENY-FROM VEHICLE,170342969,02/03/2017,3660 CAMP CREEK PKWY SW,414,Princeton Lakes,P,33.65486,-84.50787,
LARCENY-FROM VEHICLE,170343021,02/03/2017,1004 MCMILLAN ST NW,501,Home Park,E,33.78224,-84.40423,
AGG ASSAULT,170343023,02/03/2017,891 ROCK ST NW,102,Vine City,L,33.76231,-84.41672,
LARCENY-NON VEHICLE,170331450,02/03/2017,2045 DONALD LEE HOLLOWELL PKWY NW,107,Grove Park,J,33.7774,-84.45214,
LARCENY-NON VEHICLE,170350018,02/03/2017,100 CENTENNIAL OLYMPIC PARK DR SW,507,Downtown,M,33.75711,-84.39504,
AUTO THEFT,170341018,02/03/2017,951 GLENWOOD AVE SE,607,Ormewood Park,W,33.73957,-84.3569,
AUTO THEFT,170341035,02/03/2017,761 SIDNEY MARCUS BLVD NE @QUICK TRIP - SIDNEY,211,Lindbergh/Morosgo,B,33.82545,-84.36218,
BURGLARY-NONRES,170341138,02/03/2017,1025 MCDONOUGH BLVD SE,308,Thomasville Heights,Z,33.7033,-84.35063,
AGG ASSAULT,170340019,02/03/2017,1274 KENILWORTH DR SW,403,Venetian Hills,S,33.72028,-84.43387,
LARCENY-FROM VEHICLE,170340057,02/03/2017,758 PONCE DE LEON AVE NE,601,Virginia Highland,F,33.77412,-84.36228,
AUTO THEFT,170340058,02/03/2017,620 GLEN IRIS DR NE,603,Old Fourth Ward,M,33.77151,-84.36812,
BURGLARY-RESIDENCE,170340094,02/03/2017,1849 BAYBERRY DR SW,408,Venetian Hills,S,33.71621,-84.44827,
LARCENY-NON VEHICLE,170340363,02/03/2017,227 10TH ST NE,503,Midtown,E,33.78169,-84.37991,
AUTO THEFT,170340422,02/03/2017,3015 JONESBORO RD SE,312,Orchard Knob,Z,33.67229,-84.37254,
ROBBERY-PEDESTRIAN,170340551,02/03/2017,655 PARKWAY DR NE,603,Old Fourth Ward,M,33.77246,-84.37253,
AGG ASSAULT,170340675,02/03/2017,2002 LAKEWOOD AVE SE,307,Lakewood Heights,Y,33.70085,-84.38734,
LARCENY-FROM VEHICLE,170340783,02/03/2017,1153 PENN CT SE,308,Thomasville Heights,Z,33.7021,-84.36083,
ROBBERY-PEDESTRIAN,170340832,02/03/2017,2020 CAMPBELLTON RD SW ,410,Adams Park,R,33.70653,-84.45745,
LARCENY-FROM VEHICLE,170340878,02/03/2017,2165 PERKERSON RD SW,309,Perkerson,X,33.69464,-84.41182,
LARCENY-NON VEHICLE,170340920,02/03/2017,937 BERKSHIRE RD NE   ,213,Morningside/Lenox Park,F,33.80088,-84.35629,
LARCENY-FROM VEHICLE,170331461,02/02/2017,521 IRWIN ST NE,604,Old Fourth Ward,M,33.75746,-84.37041,
LARCENY-NON VEHICLE,170331467,02/02/2017,490 GLENN ST SW,303,Mechanicsville,V,33.73805,-84.40262,
BURGLARY-NONRES,170331486,02/02/2017,99 KROG ST NE,602,Inman Park,N,33.75667,-84.3639,
LARCENY-FROM VEHICLE,170331575,02/02/2017,3890 REDWINE RD SW,414,Princeton Lakes,P,33.6612,-84.51246,
ROBBERY-PEDESTRIAN,170331603,02/02/2017,999 ARDEN AVE SW,301,Sylvan Hills,X,33.71495,-84.41863,
AUTO THEFT,170331626,02/02/2017,2023 JONES RD NW,112,Collier Heights,I,33.77509,-84.49485,
LARCENY-FROM VEHICLE,170331659,02/02/2017,2283 GLENWOOD AVE SE,611,East Lake,O,33.73978,-84.31253,
BURGLARY-RESIDENCE,170331675,02/02/2017,1785 RIDGEWAY AVE NW,204,Underwood Hills,D,33.80369,-84.41622,
LARCENY-NON VEHICLE,170331681,02/02/2017,853 KINGS GRANT DR NW,112,Collier Heights,I,33.77754,-84.48294,
LARCENY-FROM VEHICLE,170331821,02/02/2017,1816 GIBEN RD SW,307,Betmar LaVilla,Y,33.7064,-84.39998,
AUTO THEFT,170331886,02/02/2017,1091 EUCLID AVE NE,602,Inman Park,N,33.7636,-84.35097,
LARCENY-NON VEHICLE,170331890,02/02/2017,3334 PEACHTREE RD NE,208,North Buckhead,B,33.84911,-84.37075,
LARCENY-FROM VEHICLE,170332010,02/02/2017,1955 METROPOLITAN PKWY SW,306,Sylvan Hills,X,33.70339,-84.40806,
LARCENY-NON VEHICLE,170332126,02/02/2017,231 16TH ST NW,501,Atlantic Station,E,33.79019,-84.39554,
LARCENY-FROM VEHICLE,170332218,02/02/2017,3393 PEACHTREE RD,210,Lenox,B,33.84676,-84.36212,
BURGLARY-RESIDENCE,170332305,02/02/2017,3540 N CAMP CREEK PKWY SW,414,,P,33.67051,-84.50299,
LARCENY-NON VEHICLE,170332341,02/02/2017,800 PEACHTREE ST NE,505,Midtown,E,33.77659,-84.38459,
BURGLARY-RESIDENCE,170332370,02/02/2017,3957 IVY RD NE,209,North Buckhead,B,33.86315,-84.36969,
LARCENY-FROM VEHICLE,170332400,02/02/2017,40 BROWN AVE SE,305,South Atlanta,Y,33.71387,-84.38698,
LARCENY-NON VEHICLE,170332484,02/02/2017,2525 PIEDMONT RD NE @HOME DEPOT,211,Lindbergh/Morosgo,B,33.824,-84.36521,
BURGLARY-RESIDENCE,170332583,02/02/2017,1946 SANDTOWN RD SW,408,Venetian Hills,S,33.71878,-84.45158,
AGG ASSAULT,170332678,02/02/2017,835 NORTH AVE NW,103,English Avenue,L,33.77029,-84.41478,
AUTO THEFT,170332694,02/02/2017,349 DECATUR ST SE,604,Sweet Auburn,M,33.74993,-84.37706,
LARCENY-FROM VEHICLE,170332722,02/02/2017,800 W MARIETTA ST NW @METROPOINTE LOFTS,103,English Avenue,L,33.78022,-84.41514,
AUTO THEFT,170332763,02/02/2017,1709 WILLMA DR NW,110,West Highlands,G,33.79186,-84.44721,
LARCENY-FROM VEHICLE,170332825,02/02/2017,3670 CAMP CREEK PKWY SW,414,Princeton Lakes,P,33.655,-84.50859,
AGG ASSAULT,170332866,02/02/2017,732 CASCADE AVENUE SW,402,West End,T,33.73534,-84.43623,
AGG ASSAULT,170332875,02/02/2017,3181 DONALD LEE HOLLOWELL PKWY NW,113,Brookview Heights,G,33.78619,-84.49113,
LARCENY-NON VEHICLE,170332886,02/02/2017,3150 HOWELL MILL RD,201,,C,33.83951,-84.42835,
AGG ASSAULT,170332926,02/02/2017,22 DECATUR ST SE,510,Downtown,M,33.75383,-84.38872,
LARCENY-NON VEHICLE,170332975,02/02/2017,448 E SIDE AVE SE,612,East Atlanta,W,33.74176,-84.33974,
LARCENY-FROM VEHICLE,170332988,02/02/2017,1642 DEKALB AVE NE,608,Candler Park,N,33.76239,-84.33371,
LARCENY-FROM VEHICLE,170333020,02/02/2017,771 LINDBERGH DR NE,211,Lindbergh/Morosgo,B,33.82021,-84.36295,
LARCENY-FROM VEHICLE,170333032,02/02/2017,821 RALPH MCGILL BLVD NE,602,Poncey-Highland,N,33.76792,-84.35911,
BURGLARY-RESIDENCE,170333047,02/02/2017,3440 BOULDER PARK DR SW,407,Mays,H,33.75004,-84.50063,
LARCENY-FROM VEHICLE,170333054,02/02/2017,375 LUCKIE ST NW,504,Downtown,M,33.76494,-84.39578,
AUTO THEFT,170333064,02/02/2017,3655 ROSWELL RD NE,209,North Buckhead,B,33.8547,-84.38255,
LARCENY-FROM VEHICLE,170333093,02/02/2017,865 JUNIPER ST NE,505,Midtown,E,33.77765,-84.38247,
ROBBERY-PEDESTRIAN,170333098,02/02/2017,1116 FAIR ST,104,Ashview Heights,T,33.74882,-84.42415,
LARCENY-FROM VEHICLE,170333110,02/02/2017,180 WALKER ST SW,507,Castleberry Hill,M,33.74964,-84.40132,
LARCENY-FROM VEHICLE,170333126,02/02/2017,1588 JOHNSON RD NW,110,Rockdale,G,33.78572,-84.44289,
LARCENY-NON VEHICLE,170333149,02/02/2017,40 PEACHTREE VALLEY RD NE,207,,E,33.81096,-84.39145,
LARCENY-FROM VEHICLE,170333158,02/02/2017,2020 BOLTON RD NW,203,Riverside,D,33.81125,-84.47594,
ROBBERY-COMMERCIAL,170333189,02/02/2017,2075 ALISON CT SW,410,Campbellton Road,R,33.70105,-84.45656,
LARCENY-FROM VEHICLE,170338052,02/02/2017,6023 S TERMINAL BYWY,704,,,33.6397,-84.44398,
LARCENY-FROM VEHICLE,170280985,02/02/2017,1154 MECASLIN ST,501,Home Park,E,33.7862,-84.39981,
ROBBERY-PEDESTRIAN,170330063,02/02/2017,968 SAINT CHARLES AVE NE      ,601,Virginia Highland,F,33.77574,-84.35571,
LARCENY-FROM VEHICLE,170330220,02/02/2017,1424 S GORDON ST SW,404,Westview,T,33.73929,-84.43452,
LARCENY-NON VEHICLE,170330300,02/02/2017,590 CASCADE AVE SW @KROGER - CASCADE,402,West End,T,33.73812,-84.43276,
LARCENY-FROM VEHICLE,170330493,02/02/2017,495 WHITEHALL ST SW,507,Castleberry Hill,M,33.74405,-84.40386,
LARCENY-FROM VEHICLE,170330532,02/02/2017,1700 HOWELL MILL RD NW,204,Berkeley Park,D,33.80047,-84.41593,
AGG ASSAULT,170330678,02/02/2017,503 MITCHELL ST SW,101,Atlanta University Center,T,33.75397,-84.40355,
LARCENY-FROM VEHICLE,170330745,02/02/2017,294 PENELOPE DR NW,108,Penelope Neighbors,J,33.75478,-84.4496,
LARCENY-FROM VEHICLE,170330754,02/02/2017,1040 HUFF RD NW,203,Blandtown,D,33.78949,-84.42125,
AUTO THEFT,170330768,02/02/2017,2542 SANTA BARBARA DR NW,112,Collier Heights,I,33.7651,-84.47096,
AUTO THEFT,170330801,02/02/2017,2033 PINE CONE DR SW,412,Heritage Valley,P,33.7003,-84.50043,
AUTO THEFT,170330900,02/02/2017,580 FRASER ST SE;,304,Summerhill,V,33.73843,-84.38605,
LARCENY-NON VEHICLE,170331164,02/02/2017,232 FORSYTH ST SW @GREYHOUND BUS DEPOT,512,Downtown,M,33.74852,-84.39636,
LARCENY-FROM VEHICLE,170331202,02/02/2017,3157 PEACHTREE RD NE,206,Buckhead Village,B,33.84012,-84.37669,
AUTO THEFT,170331242,02/02/2017,775 FORMWALT ST SW,303,Mechanicsville,V,33.73372,-84.39604,
BURGLARY-NONRES,170331335,02/02/2017,2870 PEACHTREE RD NW,206,Peachtree Heights West,B,33.83278,-84.38428,
LARCENY-NON VEHICLE,170331425,02/02/2017,3393 PEACHTREE RD NE @LENOX MALL,210,Lenox,B,33.84676,-84.36212,
LARCENY-FROM VEHICLE,170331438,02/02/2017,250 PHARR RD NE,206,Buckhead Village,B,33.83732,-84.3786,
LARCENY-FROM VEHICLE,170331444,02/02/2017,895 AMSTERDAM AVE NE,601,Virginia Highland,F,33.78717,-84.35782,
LARCENY-FROM VEHICLE,170331447,02/02/2017,1760 CAHOON ST SW,306,Sylvan Hills,X,33.70821,-84.411,
HOMICIDE,170330215012,02/02/2017,2909 CAMPBELTON RD SW,409,Southwest,R,33.70025,-84.48473,
LARCENY-FROM VEHICLE,170312640,02/01/2017,1115 DONALD L. HOLLOWELL PKWY NW,104,Downtown,M,33.74816,-84.39459,
AGG ASSAULT,170320078,02/01/2017,953 WASHINGTON ST SW,304,Peoplestown,V,33.72902,-84.39106,
AUTO THEFT,170320634,02/01/2017,1663 NORTH AVE NW,107,Grove Park,J,33.76825,-84.44217,
ROBBERY-PEDESTRIAN,170320712,02/01/2017,656 ERIN AVE SW,301,Capitol View,X,33.7193,-84.40909,
LARCENY-NON VEHICLE,170320859,02/01/2017,1163 METROPOLITAN PKWY SW,301,Adair Park,V,33.72317,-84.40816,
AUTO THEFT,170320877,02/01/2017,3200 STONE RD SW,411,Greenbriar,R,33.6697,-84.49403,
AUTO THEFT,170320925,02/01/2017,407 COLLIER RIDGE DR NW,112,Collier Heights,I,33.76629,-84.47629,
LARCENY-NON VEHICLE,170320947,02/01/2017,949 WASHINGTON ST SW;,304,Peoplestown,V,33.72911,-84.39106,
LARCENY-FROM VEHICLE,170320973,02/01/2017,1667 LAUREL AVE NW,203,Hills Park,D,33.80167,-84.44191,
LARCENY-FROM VEHICLE,170320984,02/01/2017,3092 PIEDMONT RD NE,206,Buckhead Village,B,33.8399,-84.37007,
LARCENY-FROM VEHICLE,170320993,02/01/2017,1566 ARGULE LN NW,110,Rockdale,G,33.7867,-84.44456,
LARCENY-NON VEHICLE,170321036,02/01/2017,1801 HOWELL MILL RD NW,204,Berkeley Park,D,33.80388,-84.41278,
LARCENY-NON VEHICLE,170321053,02/01/2017,189 HERMER CIR NW,111,,I,33.75779,-84.48543,
LARCENY-FROM VEHICLE,170321087,02/01/2017,1328 AVALON PL NE,213,Morningside/Lenox Park,F,33.79101,-84.3523,
LARCENY-NON VEHICLE,170321247,02/01/2017,1801 WOODCLIFFE TER NE,213,Morningside/Lenox Park,F,33.80396,-84.35777,
LARCENY-FROM VEHICLE,170321261,02/01/2017,15 WALL ST,511,Downtown,M,33.75286,-84.3912,
LARCENY-FROM VEHICLE,170321284,02/01/2017,1571 VENETIAN DR SW,408,Venetian Hills,S,33.71481,-84.44003,
LARCENY-FROM VEHICLE,170321321,02/01/2017,871 SPRINGDALE RD NE,608,Druid Hills,N,33.77792,-84.34247,
ROBBERY-PEDESTRIAN,170321359,02/01/2017,3589 KINGSBORO RD NE,210,Ridgedale Park,B,33.85226,-84.35103,
LARCENY-NON VEHICLE,170321378,02/01/2017,878 NORWOOD RD SE,308,Norwood Manor,Z,33.697,-84.36061,
LARCENY-FROM VEHICLE,170321461,02/01/2017,2399 PARKLAND DR NE,211,Lindbergh/Morosgo,B,33.81948,-84.36425,
LARCENY-FROM VEHICLE,170321466,02/01/2017,3718 ROSWELL RD NE,209,East Chastain Park,B,33.85678,-84.3824,
LARCENY-FROM VEHICLE,170321588,02/01/2017,415 ARMOUR DR NE,212,,F,33.81267,-84.37412,
LARCENY-NON VEHICLE,170321604,02/01/2017,891 PONCE DE LEON AVE NE,602,Poncey-Highland,N,33.77344,-84.35822,
BURGLARY-RESIDENCE,170321627,02/01/2017,415 FAIRBURN RD SW,407,Fairburn Mays,H,33.74349,-84.50968,
LARCENY-NON VEHICLE,170321678,02/01/2017,116 RICHARDSON ST SE,304,Summerhill,V,33.74103,-84.38353,
BURGLARY-RESIDENCE,170321759,02/01/2017,4051 SOUTHWOOD CIR SW,412,Ben Hill Terrace,P,33.69627,-84.52076,
LARCENY-NON VEHICLE,170321772,02/01/2017,1385 WEST AVE NW,107,Grove Park,J,33.7659,-84.43319,
LARCENY-FROM VEHICLE,170321849,02/01/2017,889 WYLIE ST SE,606,Reynoldstown,N,33.75244,-84.35808,
AUTO THEFT,170321902,02/01/2017,1892 METROPOLITAN PKWY SW,306,Sylvan Hills,X,33.7026,-84.40777,
LARCENY-NON VEHICLE,170321907,02/01/2017,49 BENNETT ST NW,207,,C,33.81199,-84.39435,
AGG ASSAULT,170321969,02/01/2017,3675 ZIP INDUSTRIAL BLVD SE,313,Blair Villa/Poole Creek,Z,33.65697,-84.38717,
AGG ASSAULT,170322097,02/01/2017,1745 LAKE AVE SW,408,,R,33.70653,-84.44533,
LARCENY-FROM VEHICLE,170322164,02/01/2017,59 HONOUR AVE NW,206,South Tuxedo Park,B,33.85209,-84.38425,
LARCENY-FROM VEHICLE,170322247,02/01/2017,2767 METROPOLITAN PKWY SW,311,Hammond Park,X,33.67925,-84.40813,
LARCENY-NON VEHICLE,170322275,02/01/2017,3334 PEACHTREE RD NE @ONE BUCKHEAD LOOP,208,North Buckhead,B,33.84911,-84.37075,
LARCENY-NON VEHICLE,170322472,02/01/2017,3393 PEACHTREE RD NE @LENOX MALL,210,Lenox,B,33.84676,-84.36212,
LARCENY-NON VEHICLE,170322491,02/01/2017,2429 MARTIN L KING JR DR NW,108,Florida Heights,I,33.75246,-84.46669,
LARCENY-NON VEHICLE,170322552,02/01/2017,1401 MORELAND AVE SE,607,Custer/McDonough/Guice,W,33.71609,-84.34985,
BURGLARY-RESIDENCE,170322567,02/01/2017,320 FAIRBURN RD SW,407,Fairburn Mays,H,33.7451,-84.50858,
BURGLARY-RESIDENCE,170322653,02/01/2017,540 HUMPHRIES ST SW,303,Mechanicsville,V,33.7399,-84.40488,
LARCENY-NON VEHICLE,170322744,02/01/2017,650 NORTH AVE NE,603,Old Fourth Ward,M,33.77121,-84.36478,
LARCENY-NON VEHICLE,170322749,02/01/2017,969 MARIETTA ST NW,504,Marietta Street Artery,E,33.77828,-84.4091,
AUTO THEFT,170322775,02/01/2017,1041 GUN CLUB RD NW,110,Grove Park,J,33.78337,-84.4567,
AUTO THEFT,170322883,02/01/2017,102 OLLIE ST NW @WASHINGTON PARK,105,Washington Park,K,33.75735,-84.4214,
LARCENY-NON VEHICLE,170322902,02/01/2017,704 CLIFTON RD SE,612,East Atlanta,W,33.73469,-84.32987,
LARCENY-NON VEHICLE,170322921,02/01/2017,880 GLENWOOD AVE SE,606,Grant Park,W,33.73991,-84.35917,
LARCENY-NON VEHICLE,170322922,02/01/2017,199 12TH ST NE,503,Midtown,E,33.78399,-84.38073,
ROBBERY-PEDESTRIAN,170323087,02/01/2017,660 RALPH MCGILL BLVD NE,603,Old Fourth Ward,M,33.765,-84.36578,
AGG ASSAULT,170323125,02/01/2017,1099 WYLIE ST SE,606,Reynoldstown,N,33.75226,-84.35112,
AUTO THEFT,170323153,02/01/2017,2907 ELEANOR TER NW,112,Collier Heights,I,33.77943,-84.48344,
LARCENY-NON VEHICLE,170323173,02/01/2017,1466 LOCKWOOD DR SW,403,Venetian Hills,S,33.71523,-84.43858,
LARCENY-FROM VEHICLE,170323279,02/01/2017,940 MYRTLE ST NE,503,Midtown,E,33.78015,-84.37959,
LARCENY-FROM VEHICLE,170323322,02/01/2017,1827 HONEYSUCKLE LN SW,410,Campbellton Road,R,33.70625,-84.45359,
LARCENY-FROM VEHICLE,170323327,02/01/2017,650 PONCE DE LEON AVE NE @STAPLES - PONCE,506,Midtown,E,33.77469,-84.36561,
LARCENY-NON VEHICLE,170323346,02/01/2017,165 COURTLAND ST NE @SHERATON ATLANTA,510,Downtown,M,33.75895,-84.3834,
BURGLARY-RESIDENCE,170323351,02/01/2017,517 EMILY PL NW,107,Grove Park,J,33.76926,-84.45118,
LARCENY-NON VEHICLE,170323390,02/01/2017,710 PEACHTREE ST NE ,505,Midtown,E,33.77407,-84.38526,
LARCENY-NON VEHICLE,170328032,02/01/2017,6000 NORTH TERMINAL PARKWAY,706,,,33.64184,-84.4477,
